"series_id","series_label","year","date","growth_rate","index_value","population","anchor_year","anchor_index_value","index_vs_anchor_100","is_anchor_year"
"gdp","Real GDP",1830,1830-12-31,0,100,891857,2025,38677.8871053934,0.258545663902245,FALSE
"gdp","Real GDP",1831,1831-12-31,0.207547169811321,120.754716981132,916913,2025,38677.8871053934,0.312206084712144,FALSE
"gdp","Real GDP",1832,1832-12-31,-0.015625,118.867924528302,944636,2025,38677.8871053934,0.307327864638517,FALSE
"gdp","Real GDP",1833,1833-12-31,0,118.867924528302,975153,2025,38677.8871053934,0.307327864638517,FALSE
"gdp","Real GDP",1834,1834-12-31,0.0317460317460319,122.641509433962,1006655,2025,38677.8871053934,0.317084304785771,FALSE
"gdp","Real GDP",1835,1835-12-31,0.0461538461538462,128.301886792453,1039176,2025,38677.8871053934,0.331718965006654,FALSE
"gdp","Real GDP",1836,1836-12-31,0.382352941176471,177.358490566038,1072746,2025,38677.8871053934,0.458552686920963,FALSE
"gdp","Real GDP",1837,1837-12-31,-0.0212765957446809,173.584905660377,1107401,2025,38677.8871053934,0.448796246773707,FALSE
"gdp","Real GDP",1838,1838-12-31,-0.0326086956521739,167.924528301887,1143176,2025,38677.8871053934,0.434161586552826,FALSE
"gdp","Real GDP",1839,1839-12-31,0.191011235955056,200,1174262,2025,38677.8871053934,0.517091327804489,FALSE
"gdp","Real GDP",1840,1840-12-31,-0.00943396226415094,198.11320754717,1200461,2025,38677.8871053934,0.512213107730862,FALSE
"gdp","Real GDP",1841,1841-12-31,0.171428571428571,232.075471698113,1221565,2025,38677.8871053934,0.600021069056152,FALSE
"gdp","Real GDP",1842,1842-12-31,0.089430894308943,252.830188679245,1237361,2025,38677.8871053934,0.653681489866051,FALSE
"gdp","Real GDP",1843,1843-12-31,-0.17910447761194,207.547169811321,1247627,2025,38677.8871053934,0.536604208098999,FALSE
"gdp","Real GDP",1844,1844-12-31,0.109090909090909,230.188679245283,1257979,2025,38677.8871053934,0.595142848982525,FALSE
"gdp","Real GDP",1845,1845-12-31,0.0573770491803278,243.396226415094,1268416,2025,38677.8871053934,0.629290389497915,FALSE
"gdp","Real GDP",1846,1846-12-31,0.054263565891473,256.603773584906,1278941,2025,38677.8871053934,0.663437930013308,FALSE
"gdp","Real GDP",1847,1847-12-31,-0.213235294117647,201.88679245283,1289552,2025,38677.8871053934,0.521969547878116,FALSE
"gdp","Real GDP",1848,1848-12-31,0.0747663551401869,216.981132075472,1300251,2025,38677.8871053934,0.560995308467135,FALSE
"gdp","Real GDP",1849,1849-12-31,-0.0173913043478261,213.207547169811,1311796,2025,38677.8871053934,0.551238868319879,FALSE
"gdp","Real GDP",1850,1850-12-31,0.265486725663717,269.811320754717,1324201,2025,38677.8871053934,0.697585470528698,FALSE
"gdp","Real GDP",1851,1851-12-31,0.013986013986014,273.584905660377,1339197,2025,38677.8871053934,0.707341910675951,FALSE
"gdp","Real GDP",1852,1852-12-31,-0.186206896551724,222.641509433962,1355122,2025,38677.8871053934,0.575629968688015,FALSE
"gdp","Real GDP",1853,1853-12-31,0.23728813559322,275.471698113207,1369679,2025,38677.8871053934,0.712220130749578,FALSE
"gdp","Real GDP",1854,1854-12-31,0.047945205479452,288.679245283019,1384391,2025,38677.8871053934,0.746367671264971,FALSE
"gdp","Real GDP",1855,1855-12-31,0.111111111111111,320.754716981132,1399259,2025,38677.8871053934,0.829297412516633,FALSE
"gdp","Real GDP",1856,1856-12-31,-0.111764705882353,284.905660377358,1414283,2025,38677.8871053934,0.736611231117714,FALSE
"gdp","Real GDP",1857,1857-12-31,-0.125827814569536,249.056603773585,1429467,2025,38677.8871053934,0.643925049718798,FALSE
"gdp","Real GDP",1858,1858-12-31,0.242424242424242,309.433962264151,1444812,2025,38677.8871053934,0.80002809207487,FALSE
"gdp","Real GDP",1859,1859-12-31,-0.237804878048781,235.849056603774,1460319,2025,38677.8871053934,0.609777509203408,FALSE
"gdp","Real GDP",1860,1860-12-31,0.12,264.150943396226,1475991,2025,38677.8871053934,0.682950810307815,FALSE
"gdp","Real GDP",1861,1861-12-31,0.221428571428572,322.641509433962,1491827,2025,38677.8871053934,0.83417563259026,FALSE
"gdp","Real GDP",1862,1862-12-31,-0.146198830409357,275.471698113208,1507832,2025,38677.8871053934,0.71222013074958,FALSE
"gdp","Real GDP",1863,1863-12-31,0.0136986301369864,279.245283018868,1524005,2025,38677.8871053934,0.721976570896834,FALSE
"gdp","Real GDP",1864,1864-12-31,0.0067567567567568,281.132075471698,1540349,2025,38677.8871053934,0.726854790970461,FALSE
"gdp","Real GDP",1865,1865-12-31,0.147651006711409,322.641509433962,1556867,2025,38677.8871053934,0.83417563259026,FALSE
"gdp","Real GDP",1866,1866-12-31,-0.134502923976608,279.245283018868,1573559,2025,38677.8871053934,0.721976570896834,FALSE
"gdp","Real GDP",1867,1867-12-31,-0.0945945945945946,252.830188679245,1590427,2025,38677.8871053934,0.653681489866051,FALSE
"gdp","Real GDP",1868,1868-12-31,-0.104477611940298,226.415094339623,1607475,2025,38677.8871053934,0.585386408835272,FALSE
"gdp","Real GDP",1869,1869-12-31,0.125,254.716981132076,1629294,2025,38677.8871053934,0.658559709939681,FALSE
"gdp","Real GDP",1870,1870-12-31,0.037037037037037,264.150943396226,1653261,2025,38677.8871053934,0.682950810307815,FALSE
"gdp","Real GDP",1871,1871-12-31,-0.114285714285714,233.962264150943,1675264,2025,38677.8871053934,0.604899289129779,FALSE
"gdp","Real GDP",1872,1872-12-31,0.193548387096774,279.245283018868,1699268,2025,38677.8871053934,0.721976570896834,FALSE
"gdp","Real GDP",1873,1873-12-31,0.0743243243243243,300,1725272,2025,38677.8871053934,0.775636991706734,FALSE
"gdp","Real GDP",1874,1874-12-31,0.257861635220126,377.358490566038,1753276,2025,38677.8871053934,0.975644014725452,FALSE
"gdp","Real GDP",1875,1875-12-31,-0.045,360.377358490566,1784281,2025,38677.8871053934,0.931740034062806,FALSE
"gdp","Real GDP",1876,1876-12-31,0.12565445026178,405.660377358491,1816286,2025,38677.8871053934,1.04881731582986,FALSE
"gdp","Real GDP",1877,1877-12-31,-0.153488372093023,343.396226415094,1849291,2025,38677.8871053934,0.88783605340016,FALSE
"gdp","Real GDP",1878,1878-12-31,-0.0769230769230769,316.981132075472,1883296,2025,38677.8871053934,0.81954097236938,FALSE
"gdp","Real GDP",1879,1879-12-31,0,316.981132075472,1917301,2025,38677.8871053934,0.81954097236938,FALSE
"gdp","Real GDP",1880,1880-12-31,0.244047619047619,394.33962264151,1952306,2025,38677.8871053934,1.0195479953881,FALSE
"gdp","Real GDP",1881,1881-12-31,0.177033492822966,464.150943396227,1986311,2025,38677.8871053934,1.20004213811231,FALSE
"gdp","Real GDP",1882,1882-12-31,0.186991869918699,550.943396226415,2019316,2025,38677.8871053934,1.42444026149916,FALSE
"gdp","Real GDP",1883,1883-12-31,-0.14041095890411,473.584905660377,2052321,2025,38677.8871053934,1.22443323848044,FALSE
"gdp","Real GDP",1884,1884-12-31,0.0438247011952191,494.339622641509,2083326,2025,38677.8871053934,1.27809365929034,FALSE
"gdp","Real GDP",1885,1885-12-31,0.0725190839694656,530.188679245283,2113331,2025,38677.8871053934,1.37077984068926,FALSE
"gdp","Real GDP",1886,1886-12-31,-0.0569395017793595,500,2129334,2025,38677.8871053934,1.29272831951122,FALSE
"gdp","Real GDP",1887,1887-12-31,0.105660377358491,552.830188679245,2147337,2025,38677.8871053934,1.42931848157279,FALSE
"gdp","Real GDP",1888,1888-12-31,0.0375426621160408,573.584905660377,2173341,2025,38677.8871053934,1.48297890238268,FALSE
"gdp","Real GDP",1889,1889-12-31,-0.0296052631578947,556.603773584906,2198345,2025,38677.8871053934,1.43907492172004,FALSE
"gdp","Real GDP",1890,1890-12-31,0.0677966101694916,594.339622641509,2224349,2025,38677.8871053934,1.53663932319258,FALSE
"gdp","Real GDP",1891,1891-12-31,-0.0920634920634921,539.622641509434,2255354,2025,38677.8871053934,1.3951709410574,FALSE
"gdp","Real GDP",1892,1892-12-31,-0.132867132867133,467.924528301887,2285359,2025,38677.8871053934,1.20979857825956,FALSE
"gdp","Real GDP",1893,1893-12-31,0.399193548387097,654.716981132075,2314364,2025,38677.8871053934,1.69274236554866,FALSE
"gdp","Real GDP",1894,1894-12-31,-0.135446685878963,566.037735849057,2346369,2025,38677.8871053934,1.46346602208818,FALSE
"gdp","Real GDP",1895,1895-12-31,0.246666666666667,705.66037735849,2375374,2025,38677.8871053934,1.82445430753659,FALSE
"gdp","Real GDP",1896,1896-12-31,-0.171122994652406,584.905660377358,2408379,2025,38677.8871053934,1.51224822282445,FALSE
"gdp","Real GDP",1897,1897-12-31,-0.0806451612903226,537.735849056604,2442384,2025,38677.8871053934,1.39029272098377,FALSE
"gdp","Real GDP",1898,1898-12-31,0.129824561403509,607.54716981132,2475389,2025,38677.8871053934,1.57078686370797,FALSE
"gdp","Real GDP",1899,1899-12-31,-0.00310559006211175,605.66037735849,2509394,2025,38677.8871053934,1.56590864363435,FALSE
"gdp","Real GDP",1900,1900-12-31,-0.0342679127725857,584.905660377358,2542399,2025,38677.8871053934,1.51224822282445,FALSE
"gdp","Real GDP",1901,1901-12-31,-0.0161290322580645,575.471698113207,2576404,2025,38677.8871053934,1.48785712245631,FALSE
"gdp","Real GDP",1902,1902-12-31,0.0885245901639344,626.415094339622,2609409,2025,38677.8871053934,1.61956906444425,FALSE
"gdp","Real GDP",1903,1903-12-31,0.0813253012048192,677.358490566037,2643414,2025,38677.8871053934,1.75128100643218,FALSE
"gdp","Real GDP",1904,1904-12-31,-0.0250696378830083,660.377358490566,2690421,2025,38677.8871053934,1.70737702576954,FALSE
"gdp","Real GDP",1905,1905-12-31,-0.0114285714285715,652.830188679245,2706424,2025,38677.8871053934,1.68786414547503,FALSE
"gdp","Real GDP",1906,1906-12-31,-0.0664739884393064,609.433962264151,2720426,2025,38677.8871053934,1.5756650837816,FALSE
"gdp","Real GDP",1907,1907-12-31,0,609.433962264151,2741429,2025,38677.8871053934,1.5756650837816,FALSE
"gdp","Real GDP",1908,1908-12-31,0.068111455108359,650.943396226415,2761432,2025,38677.8871053934,1.6829859254014,FALSE
"gdp","Real GDP",1909,1909-12-31,0.0347826086956522,673.584905660377,2780435,2025,38677.8871053934,1.74152456628493,FALSE
"gdp","Real GDP",1910,1910-12-31,0.0336134453781514,696.226415094339,2805439,2025,38677.8871053934,1.80006320716846,FALSE
"gdp","Real GDP",1911,1911-12-31,0.070460704607046,745.283018867924,2834444,2025,38677.8871053934,1.92689692908276,FALSE
"gdp","Real GDP",1912,1912-12-31,0.0329113924050632,769.811320754716,2856447,2025,38677.8871053934,1.99031379003992,FALSE
"gdp","Real GDP",1913,1913-12-31,0.154411764705882,888.679245283018,2874450,2025,38677.8871053934,2.29764165467844,FALSE
"gdp","Real GDP",1914,1914-12-31,-0.125265392781316,777.358490566037,2899454,2025,38677.8871053934,2.00982667033443,FALSE
"gdp","Real GDP",1915,1915-12-31,0.0315533980582525,801.88679245283,2918457,2025,38677.8871053934,2.07324353129158,FALSE
"gdp","Real GDP",1916,1916-12-31,-0.0564705882352942,756.603773584905,2929459,2025,38677.8871053934,1.95616624952453,FALSE
"gdp","Real GDP",1917,1917-12-31,0.167082294264339,883.018867924528,2944461,2025,38677.8871053934,2.28300699445755,FALSE
"gdp","Real GDP",1918,1918-12-31,-0.00854700854700852,875.471698113207,2958463,2025,38677.8871053934,2.26349411416305,FALSE
"gdp","Real GDP",1919,1919-12-31,-0.0646551724137931,818.867924528301,2973465,2025,38677.8871053934,2.11714751195423,FALSE
"gdp","Real GDP",1920,1920-12-31,0.200460829493088,983.018867924528,2992468,2025,38677.8871053934,2.5415526583598,FALSE
"gdp","Real GDP",1921,1921-12-31,0.0381021917026347,1020.4740412775,3008122,2025,38677.8871053934,2.63839138497098,FALSE
"gdp","Real GDP",1922,1922-12-31,0.0411108522920753,1062.42659885635,3024761,2025,38677.8871053934,2.74685790348719,FALSE
"gdp","Real GDP",1923,1923-12-31,0.102073080864521,1170.87175499403,3048789,2025,38677.8871053934,3.02723815239318,FALSE
"gdp","Real GDP",1924,1924-12-31,0.20651327004489,1412.67230992105,3077150,2025,38677.8871053934,3.65240300244855,FALSE
"gdp","Real GDP",1925,1925-12-31,0.242761545738437,1755.61482349937,3114434,2025,38677.8871053934,4.53906600098267,FALSE
"gdp","Real GDP",1926,1926-12-31,0.230838649037397,2160.87857758599,3152362,2025,38677.8871053934,5.58685786454108,FALSE
"gdp","Real GDP",1927,1927-12-31,0.119299299934366,2418.66987913517,3185407,2025,38677.8871053934,6.25336609661364,FALSE
"gdp","Real GDP",1928,1928-12-31,0.247437450517916,3017.13938767286,3220758,2025,38677.8871053934,7.80068306071491,FALSE
"gdp","Real GDP",1929,1929-12-31,0.121398502524668,3383.41559124453,3259256,2025,38677.8871053934,8.74767430295522,FALSE
"gdp","Real GDP",1930,1930-12-31,-0.0214677666421573,3310.78121487826,3300214,2025,38677.8871053934,8.5598812723578,FALSE
"gdp","Real GDP",1931,1931-12-31,-0.0405195749312753,3176.62976736094,3335733,2025,38677.8871053934,8.21303852173967,FALSE
"gdp","Real GDP",1932,1932-12-31,-0.107976785885395,2833.62749513344,3368440,2025,38677.8871053934,7.32622101980929,FALSE
"gdp","Real GDP",1933,1933-12-31,0.0478558530871938,2969.23315624438,3400586,2025,38677.8871053934,7.6768235766176,FALSE
"gdp","Real GDP",1934,1934-12-31,0.110617987267725,3297.68375171672,3430798,2025,38677.8871053934,8.52601834927244,FALSE
"gdp","Real GDP",1935,1935-12-31,0.31847750645108,4347.92185002771,3464993,2025,38677.8871053934,11.2413634131049,FALSE
"gdp","Real GDP",1936,1936-12-31,-0.00402711248019383,4330.41227968255,3509618,2025,38677.8871053934,11.1960931782096,FALSE
"gdp","Real GDP",1937,1937-12-31,0.152218744007188,4989.58219792913,3565014,2025,38677.8871053934,12.9003484195841,FALSE
"gdp","Real GDP",1938,1938-12-31,0.0689932115319039,5333.82949796668,3623302,2025,38677.8871053934,13.7903848869317,FALSE
"gdp","Real GDP",1939,1939-12-31,0.0464707076737498,5581.69632934831,3699042,2025,38677.8871053934,14.4312338317208,FALSE
"gdp","Real GDP",1940,1940-12-31,-0.049600027643988,5304.84403711229,3783780,2025,38677.8871053934,13.7154442347306,FALSE
"gdp","Real GDP",1941,1941-12-31,0.0919577217702878,5792.66540911183,3857666,2025,38677.8871053934,14.9766852396239,FALSE
"gdp","Real GDP",1942,1942-12-31,-0.210116665766829,4575.52986744641,3934429,2025,38677.8871053934,11.8298340728348,FALSE
"gdp","Real GDP",1943,1943-12-31,0.093388914102623,5002.83363321135,4019937,2025,38677.8871053934,12.9346094309111,FALSE
"gdp","Real GDP",1944,1944-12-31,0.321269549037555,6610.09173846307,4114006,2025,38677.8871053934,17.0901055697568,FALSE
"gdp","Real GDP",1945,1945-12-31,0.215489296827269,8034.49575914822,4223014,2025,38677.8871053934,20.7728404016874,FALSE
"gdp","Real GDP",1946,1946-12-31,0.165350883332855,9363.00673005745,4346854,2025,38677.8871053934,24.2076479114389,FALSE
"gdp","Real GDP",1947,1947-12-31,0.14329350754406,10704.664805566,4485785,2025,38677.8871053934,27.6764466900605,FALSE
"gdp","Real GDP",1948,1948-12-31,0.113043829685806,11914.7611106901,4622214,2025,38677.8871053934,30.8050982160002,FALSE
"gdp","Real GDP",1949,1949-12-31,0.0178168585447902,12127.0447239942,4811725,2025,38677.8871053934,31.3539482933729,FALSE
"gdp","Real GDP",1950,1950-12-31,-0.00523535910600659,12063.5552899695,5009006,2025,38677.8871053934,31.189799114666,FALSE
"gdp","Real GDP",1951,1951-12-31,0.11668107173725,13471.1438501647,5213263,2025,38677.8871053934,34.8290583026347,FALSE
"gdp","Real GDP",1952,1952-12-31,0.0728257810301141,14452.190422422,5431733,2025,38677.8871053934,37.3655116760676,FALSE
"gdp","Real GDP",1953,1953-12-31,0.0618482324391672,15346.032854923,5662004,2025,38677.8871053934,39.6765025274172,FALSE
"gdp","Real GDP",1954,1954-12-31,0.0962940086473183,16823.763875357,5901665,2025,38677.8871053934,43.4971120048877,FALSE
"gdp","Real GDP",1955,1955-12-31,0.0887937348583014,18317.6087042241,6148303,2025,38677.8871053934,47.3593830353515,FALSE
"gdp","Real GDP",1956,1956-12-31,0.105614489003878,20252.2135872938,6403525,2025,38677.8871053934,52.3612200741693,FALSE
"gdp","Real GDP",1957,1957-12-31,0.116119067677622,22603.8817474584,6668941,2025,38677.8871053934,58.4413561316446,FALSE
"gdp","Real GDP",1958,1958-12-31,0.0132930766972785,22904.3568811836,6942137,2025,38677.8871053934,59.2182215609956,FALSE
"gdp","Real GDP",1959,1959-12-31,0.0786707498758492,24706.2598124503,7220702,2025,38677.8871053934,63.8769634575131,FALSE
"gdp","Real GDP",1960,1960-12-31,0.0398235181277553,25690.1499979605,7502222,2025,38677.8871053934,66.4207688697094,FALSE
"gdp","Real GDP",1961,1961-12-31,0.0506217023945683,26990.6291256291,7785870,2025,38677.8871053934,69.7831012642503,FALSE
"gdp","Real GDP",1962,1962-12-31,0.0904302019315204,29431.3971677185,8073256,2025,38677.8871053934,76.0936012029842,FALSE
"gdp","Real GDP",1963,1963-12-31,0.0685024154589375,31447.5189640385,8365618,2025,38677.8871053934,81.3061966863576,FALSE
"gdp","Real GDP",1964,1964-12-31,0.0973566024655608,34509.1425663486,8664200,2025,38677.8871053934,89.2218917551381,FALSE
"gdp","Real GDP",1965,1965-12-31,0.0586700359820922,36533.7952024274,8970241,2025,38677.8871053934,94.4565433548023,FALSE
"gdp","Real GDP",1966,1966-12-31,0.023376488597151,37387.8270493876,9279558,2025,38677.8871053934,96.6646056634621,FALSE
"gdp","Real GDP",1967,1967-12-31,0.0402849609573088,38893.9942023508,9591323,2025,38677.8871053934,100.558735528568,FALSE
"gdp","Real GDP",1968,1968-12-31,0.0520069212584973,40916.7510962609,9911812,2025,38677.8871053934,105.788485769057,FALSE
"gdp","Real GDP",1969,1969-12-31,0.0417008083268744,42623.0126910845,10247303,2025,38677.8871053934,110.199951137302,FALSE
"gdp","Real GDP",1970,1970-12-31,0.0764488286066578,45881.4920830047,10604071,2025,38677.8871053934,118.62460831426,FALSE
"gdp","Real GDP",1971,1971-12-31,0.0307105897223221,47290.5397622138,10984194,2025,38677.8871053934,122.267639991171,FALSE
"gdp","Real GDP",1972,1972-12-31,0.032573914043188,48830.9777394841,11383489,2025,38677.8871053934,126.250375586506,FALSE
"gdp","Real GDP",1973,1973-12-31,0.062554510196887,51885.5756344126,11798838,2025,38677.8871053934,134.147905993493,FALSE
"gdp","Real GDP",1974,1974-12-31,0.0606356968215152,55031.6936679907,12227126,2025,38677.8871053934,142.282057750556,FALSE
"gdp","Real GDP",1975,1975-12-31,0.060676414410854,58370.8195187208,12665235,2025,38677.8871053934,150.915222849858,FALSE
"gdp","Real GDP",1976,1976-12-31,0.0877097660555448,63490.5104431783,13118977,2025,38677.8871053934,164.151961740239,FALSE
"gdp","Real GDP",1977,1977-12-31,0.0672213738279073,67758.4297802038,13590432,2025,38677.8871053934,175.186482124964,FALSE
"gdp","Real GDP",1978,1978-12-31,0.0213835805127249,69207.3476188246,14070880,2025,38677.8871053934,178.932596370224,FALSE
"gdp","Real GDP",1979,1979-12-31,0.0133549806221844,70131.6104051868,14551602,2025,38677.8871053934,181.322237727426,FALSE
"gdp","Real GDP",1980,1980-12-31,-0.019884748565817,68737.0609657638,15023880,2025,38677.8871053934,177.716690620825,FALSE
"gdp","Real GDP",1981,1981-12-31,-0.00301883807690773,68529.5549088257,15484656,2025,38677.8871053934,177.180192708277,FALSE
"gdp","Real GDP",1982,1982-12-31,0.00682286983656955,68997.1231419266,15939742,2025,38677.8871053934,178.389070100743,FALSE
"gdp","Real GDP",1983,1983-12-31,-0.0561698886320663,65121.5624191116,16311069,2025,38677.8871053934,168.368975900007,FALSE
"gdp","Real GDP",1984,1984-12-31,-0.0135388982425861,64239.8882121211,16712952,2025,38677.8871053934,166.089445468088,FALSE
"gdp","Real GDP",1985,1985-12-31,0.00193300196156732,64364.064042046,17137604,2025,38677.8871053934,166.410496691974,FALSE
"gdp","Real GDP",1986,1986-12-31,0.0651034489312976,68554.3865984181,17590455,2025,38677.8871053934,177.244393964991,FALSE
"gdp","Real GDP",1987,1987-12-31,0.0358165006636406,71009.7648315158,18061452,2025,38677.8871053934,183.592667919065,FALSE
"gdp","Real GDP",1988,1988-12-31,0.0582136834783051,75143.5048052865,18542449,2025,38677.8871053934,194.280273378243,FALSE
"gdp","Real GDP",1989,1989-12-31,-0.0856988188175155,68703.7952016652,19025297,2025,38677.8871053934,177.630683430184,FALSE
"gdp","Real GDP",1990,1990-12-31,0.064679407561735,73147.5159725516,19501849,2025,38677.8871053934,189.119730799234,FALSE
"gdp","Real GDP",1991,1991-12-31,0.0972988794112739,80264.6873083992,19972039,2025,38677.8871053934,207.520868680561,FALSE
"gdp","Real GDP",1992,1992-12-31,0.0606047326906214,85129.107227221,20441298,2025,38677.8871053934,220.097615454672,FALSE
"gdp","Real GDP",1993,1993-12-31,0.0027538806723566,85363.542630269,20909727,2025,38677.8871053934,220.703738023905,FALSE
"gdp","Real GDP",1994,1994-12-31,-0.0234950788424259,83357.9194659021,21377426,2025,38677.8871053934,215.518286298215,FALSE
"gdp","Real GDP",1995,1995-12-31,0.0395166276209111,86651.9433286901,21844496,2025,38677.8871053934,224.034842163359,FALSE
"gdp","Real GDP",1996,1996-12-31,-0.00197837378028209,86480.5133959981,22311094,2025,38677.8871053934,223.591617505753,FALSE
"gdp","Real GDP",1997,1997-12-31,0.0637093151973625,91990.1276823735,22784025,2025,38677.8871053934,237.836486340915,FALSE
"gdp","Real GDP",1998,1998-12-31,0.00294055160519591,92260.629399992,23246657,2025,38677.8871053934,238.535856802599,FALSE
"gdp","Real GDP",1999,1999-12-31,-0.000597045814640996,92205.5455773526,23710809,2025,38677.8871053934,238.393439967653,FALSE
"gdp","Real GDP",2000,2000-12-31,0.0368694416687683,95605.1125615538,24310896,2025,38677.8871053934,247.182872996757,FALSE
"gdp","Real GDP",2001,2001-12-31,0.033942361077907,98850.175813012,24765581,2025,38677.8871053934,255.572843324288,FALSE
"gdp","Real GDP",2002,2002-12-31,-0.0885564735286779,90096.3528353218,25219910,2025,38677.8871053934,232.940213589791,FALSE
"gdp","Real GDP",2003,2003-12-31,-0.0775530004959881,83109.1103391974,25673550,2025,38677.8871053934,214.875001089727,FALSE
"gdp","Real GDP",2004,2004-12-31,0.182866066891245,98306.9464697569,26127351,2025,38677.8871053934,254.168347412257,FALSE
"gdp","Real GDP",2005,2005-12-31,0.10317882978425,108450.142166169,26577423,2025,38677.8871053934,280.39314006645,FALSE
"gdp","Real GDP",2006,2006-12-31,0.0987227438543281,119156.637772205,27030656,2025,38677.8871053934,308.07432021174,FALSE
"gdp","Real GDP",2007,2007-12-31,0.0875348519522348,129586.996418722,27483208,2025,38677.8871053934,335.041560221763,FALSE
"gdp","Real GDP",2008,2008-12-31,0.0327640830861964,133832.795536275,27934783,2025,38677.8871053934,346.018889738196,FALSE
"gdp","Real GDP",2009,2009-12-31,-0.0409585869965426,128351.193337312,28384132,2025,38677.8871053934,331.846444940407,FALSE
"gdp","Real GDP",2010,2010-12-31,-0.00662008013227904,127501.498152346,28830996,2025,38677.8871053934,329.649594883291,FALSE
"gdp","Real GDP",2011,2011-12-31,0.0272894288369523,130980.941212779,29271530,2025,38677.8871053934,338.645544043988,FALSE
"gdp","Real GDP",2012,2012-12-31,0.0424330003030559,136538.855530955,29709666,2025,38677.8871053934,353.015290517034,FALSE
"gdp","Real GDP",2013,2013-12-31,0.00077713313674451,136644.964400041,30143256,2025,38677.8871053934,353.289630397072,FALSE
"gdp","Real GDP",2014,2014-12-31,-0.0230580718252338,133494.194996349,30138526,2025,38677.8871053934,345.143452724267,FALSE
"gdp","Real GDP",2015,2015-12-31,-0.0386872096794752,128329.677083532,30596024,2025,38677.8871053934,331.790815599224,FALSE
"gdp","Real GDP",2016,2016-12-31,-0.169780174269073,106541.842144396,30787910,2025,38677.8871053934,275.45931310591,FALSE
"gdp","Real GDP",2017,2017-12-31,-0.144201072173824,91178.3942758,30587378,2025,38677.8871053934,235.737784815773,FALSE
"gdp","Real GDP",2018,2018-12-31,-0.213958685796314,71669.9848635317,29829092,2025,38677.8871053934,185.299638184056,FALSE
"gdp","Real GDP",2019,2019-12-31,-0.289914582952342,50891.8110916202,28958968,2025,38677.8871053934,131.578570858706,FALSE
"gdp","Real GDP",2020,2020-12-31,-0.332038127240288,33993.7894448921,28464595,2025,38677.8871053934,87.8894686058274,FALSE
"gdp","Real GDP",2021,2021-12-31,0.0111060373799066,34371.3257411518,28258199,2025,38677.8871053934,88.865572329464,FALSE
"gdp","Real GDP",2022,2022-12-31,0.0742430767059921,36923.1587146388,28233366,2025,38677.8871053934,95.4632258324423,FALSE
"gdp","Real GDP",2023,2023-12-31,-0.00645454251743061,36684.8366168373,28321273,2025,38677.8871053934,94.8470543824557,FALSE
"gdp","Real GDP",2024,2024-12-31,0.047,38409.0239378286,28405543,2025,38677.8871053934,99.304865938431,FALSE
"gdp","Real GDP",2025,2025-12-31,0.007,38677.8871053934,28516896,2025,38677.8871053934,100,TRUE
"gdp_per_capita","Real GDP per capita",1830,1830-12-31,0,100,891857,2025,1209.63881763832,8.26693047063738,FALSE
"gdp_per_capita","Real GDP per capita",1831,1831-12-31,0.174549162490242,117.454916249024,916913,2025,1209.63881763832,9.70991626065218,FALSE
"gdp_per_capita","Real GDP per capita",1832,1832-12-31,-0.0445142527121556,112.22649842483,944636,2025,1209.63881763832,9.27768659441165,FALSE
"gdp_per_capita","Real GDP per capita",1833,1833-12-31,-0.031294576338277,108.714417702697,975153,2025,1209.63881763832,8.98734532304026,FALSE
"gdp_per_capita","Real GDP per capita",1834,1834-12-31,-0.000541160481756009,108.655585756039,1006655,2025,1209.63881763832,8.98248172691552,FALSE
"gdp_per_capita","Real GDP per capita",1835,1835-12-31,0.0134144745452165,110.113143345359,1039176,2025,1209.63881763832,9.1029769993941,FALSE
"gdp_per_capita","Real GDP per capita",1836,1836-12-31,0.339094249710556,147.451877071324,1072746,2025,1209.63881763832,12.1897441551361,FALSE
"gdp_per_capita","Real GDP per capita",1837,1837-12-31,-0.0519047598645148,139.798422800365,1107401,2025,1209.63881763832,11.5570384119538,FALSE
"gdp_per_capita","Real GDP per capita",1838,1838-12-31,-0.0628826201511519,131.00753168168,1143176,2025,1209.63881763832,10.8303015554227,FALSE
"gdp_per_capita","Real GDP per capita",1839,1839-12-31,0.159481836825306,151.900853472223,1174262,2025,1209.63881763832,12.5575379408534,FALSE
"gdp_per_capita","Real GDP per capita",1840,1840-12-31,-0.0310521902804226,147.183999266445,1200461,2025,1209.63881763832,12.1675988832604,FALSE
"gdp_per_capita","Real GDP per capita",1841,1841-12-31,0.151190738344431,169.436856788025,1221565,2025,1209.63881763832,14.0072271422995,FALSE
"gdp_per_capita","Real GDP per capita",1842,1842-12-31,0.0755233520423744,182.233296172181,1237361,2025,1209.63881763832,15.0650998889049,FALSE
"gdp_per_capita","Real GDP per capita",1843,1843-12-31,-0.185859151430987,148.363570383147,1247627,2025,1209.63881763832,12.2651132073299,FALSE
"gdp_per_capita","Real GDP per capita",1844,1844-12-31,0.0999641199386985,163.194604127462,1257979,2025,1209.63881763832,13.4911844550492,FALSE
"gdp_per_capita","Real GDP per capita",1845,1845-12-31,0.0486765563906637,171.138355477924,1268416,2025,1209.63881763832,14.1478888559522,FALSE
"gdp_per_capita","Real GDP per capita",1846,1846-12-31,0.0455875409372277,178.940132264204,1278941,2025,1209.63881763832,14.7928563183483,FALSE
"gdp_per_capita","Real GDP per capita",1847,1847-12-31,-0.219709139526066,139.625349777755,1289552,2025,1209.63881763832,11.5427305855112,FALSE
"gdp_per_capita","Real GDP per capita",1848,1848-12-31,0.0659227355362448,148.82983478531,1300251,2025,1209.63881763832,12.3036589612661,FALSE
"gdp_per_capita","Real GDP per capita",1849,1849-12-31,-0.0260391561413245,144.954431478848,1311796,2025,1209.63881763832,11.9832820644641,FALSE
"gdp_per_capita","Real GDP per capita",1850,1850-12-31,0.253631755888088,181.719478458587,1324201,2025,1209.63881763832,15.0226229357763,FALSE
"gdp_per_capita","Real GDP per capita",1851,1851-12-31,0.00263164695432661,182.197699970615,1339197,2025,1209.63881763832,15.0621571756712,FALSE
"gdp_per_capita","Real GDP per capita",1852,1852-12-31,-0.195770356647874,146.528791266945,1355122,2025,1209.63881763832,12.1134332935037,FALSE
"gdp_per_capita","Real GDP per capita",1853,1853-12-31,0.224138190686545,179.371489425005,1369679,2025,1209.63881763832,14.8285163149118,FALSE
"gdp_per_capita","Real GDP per capita",1854,1854-12-31,0.0368086336128233,185.973908859836,1384391,2025,1209.63881763832,15.3743337389692,FALSE
"gdp_per_capita","Real GDP per capita",1855,1855-12-31,0.0993048622322403,204.442022257953,1399259,2025,1209.63881763832,16.90107983283,FALSE
"gdp_per_capita","Real GDP per capita",1856,1856-12-31,-0.121200474437036,179.663552165422,1414283,2025,1209.63881763832,14.8526609385928,FALSE
"gdp_per_capita","Real GDP per capita",1857,1857-12-31,-0.135113394763816,155.388599717026,1429467,2025,1209.63881763832,12.8458674979036,FALSE
"gdp_per_capita","Real GDP per capita",1858,1858-12-31,0.229228754014678,191.008134818246,1444812,2025,1209.63881763832,15.7905096986857,FALSE
"gdp_per_capita","Real GDP per capita",1859,1859-12-31,-0.245898561522116,144.039509227417,1460319,2025,1209.63881763832,11.9076460780779,FALSE
"gdp_per_capita","Real GDP per capita",1860,1860-12-31,0.108107894966839,159.611317362049,1475991,2025,1209.63881763832,13.194956629589,FALSE
"gdp_per_capita","Real GDP per capita",1861,1861-12-31,0.208462897220273,192.884355008487,1491827,2025,1209.63881763832,15.945615517289,FALSE
"gdp_per_capita","Real GDP per capita",1862,1862-12-31,-0.155261569308185,162.936827354872,1507832,2025,1209.63881763832,13.4698742284897,FALSE
"gdp_per_capita","Real GDP per capita",1863,1863-12-31,0.00294108803889248,163.4160389089,1524005,2025,1209.63881763832,13.5094903144685,FALSE
"gdp_per_capita","Real GDP per capita",1864,1864-12-31,-0.0039255187745888,162.774546180095,1540349,2025,1209.63881763832,13.456458556604,FALSE
"gdp_per_capita","Real GDP per capita",1865,1865-12-31,0.13547469407272,184.826378026669,1556867,2025,1209.63881763832,15.2794681628621,FALSE
"gdp_per_capita","Real GDP per capita",1866,1866-12-31,-0.14368394432156,158.269795017129,1573559,2025,1209.63881763832,13.0840539100864,FALSE
"gdp_per_capita","Real GDP per capita",1867,1867-12-31,-0.104197285179185,141.778512050478,1590427,2025,1209.63881763832,11.7207310135173,FALSE
"gdp_per_capita","Real GDP per capita",1868,1868-12-31,-0.113975032224683,125.619301570757,1607475,2025,1209.63881763832,10.3848603185548,FALSE
"gdp_per_capita","Real GDP per capita",1869,1869-12-31,0.109934348865214,139.429177693841,1629294,2025,1209.63881763832,11.5265131757313,FALSE
"gdp_per_capita","Real GDP per capita",1870,1870-12-31,0.0220033147955601,142.497081782325,1653261,2025,1209.63881763832,11.7801346736321,FALSE
"gdp_per_capita","Real GDP per capita",1871,1871-12-31,-0.125918729397704,124.554030301414,1675264,2025,1209.63881763832,10.2967950833945,FALSE
"gdp_per_capita","Real GDP per capita",1872,1872-12-31,0.176688224083128,146.561260717767,1699268,2025,1209.63881763832,12.1161175204274,FALSE
"gdp_per_capita","Real GDP per capita",1873,1873-12-31,0.0581316719601004,155.081111847871,1725272,2025,1209.63881763832,12.8204476895549,FALSE
"gdp_per_capita","Real GDP per capita",1874,1874-12-31,0.237770584391446,191.954838440014,1753276,2025,1209.63881763832,15.8687730288603,FALSE
"gdp_per_capita","Real GDP per capita",1875,1875-12-31,-0.0615947936451713,180.13141977711,1784281,2025,1209.63881763832,14.8913392287456,FALSE
"gdp_per_capita","Real GDP per capita",1876,1876-12-31,0.105819154124152,199.192774249106,1816286,2025,1209.63881763832,16.4671281497073,FALSE
"gdp_per_capita","Real GDP per capita",1877,1877-12-31,-0.168596387153427,165.609592163638,1849291,2025,1209.63881763832,13.6908298368741,FALSE
"gdp_per_capita","Real GDP per capita",1878,1878-12-31,-0.093590255512757,150.11014811768,1883296,2025,1209.63881763832,12.4095015742594,FALSE
"gdp_per_capita","Real GDP per capita",1879,1879-12-31,-0.0177358693288115,147.447814145736,1917301,2025,1209.63881763832,12.1894082759026,FALSE
"gdp_per_capita","Real GDP per capita",1880,1880-12-31,0.221741747475867,180.143150115909,1952306,2025,1209.63881763832,14.8923089676981,FALSE
"gdp_per_capita","Real GDP per capita",1881,1881-12-31,0.156883061232222,208.404558966108,1986311,2025,1209.63881763832,17.2286599873666,FALSE
"gdp_per_capita","Real GDP per capita",1882,1882-12-31,0.167590911046157,243.331268869411,2019316,2025,1209.63881763832,20.1160268107539,FALSE
"gdp_per_capita","Real GDP per capita",1883,1883-12-31,-0.154234691303364,205.801145730881,2052321,2025,1209.63881763832,17.013437625347,FALSE
"gdp_per_capita","Real GDP per capita",1884,1884-12-31,0.0282900297801083,211.623266272388,2083326,2025,1209.63881763832,17.4947482824301,FALSE
"gdp_per_capita","Real GDP per capita",1885,1885-12-31,0.0572914953359276,223.747479645007,2113331,2025,1209.63881763832,18.4970485720563,FALSE
"gdp_per_capita","Real GDP per capita",1886,1886-12-31,-0.0640270686678912,209.421584401508,2129334,2025,1209.63881763832,17.3127367729798,FALSE
"gdp_per_capita","Real GDP per capita",1887,1887-12-31,0.0963906615320571,229.607869461061,2147337,2025,1209.63881763832,18.9815229234577,FALSE
"gdp_per_capita","Real GDP per capita",1888,1888-12-31,0.0251284761297343,235.377565328013,2173341,2025,1209.63881763832,19.4584996691459,FALSE
"gdp_per_capita","Real GDP per capita",1889,1889-12-31,-0.0406425434755879,225.811222395991,2198345,2025,1209.63881763832,18.6676567503729,FALSE
"gdp_per_capita","Real GDP per capita",1890,1890-12-31,0.0553134148387011,238.301612215614,2224349,2025,1209.63881763832,19.7002285922727,FALSE
"gdp_per_capita","Real GDP per capita",1891,1891-12-31,-0.104545156329311,213.388332913006,2255354,2025,1209.63881763832,17.6406651143704,FALSE
"gdp_per_capita","Real GDP per capita",1892,1892-12-31,-0.144251918223973,182.606656563689,2285359,2025,1209.63881763832,15.0959653328758,FALSE
"gdp_per_capita","Real GDP per capita",1893,1893-12-31,0.381658014274499,252.299950501093,2314364,2025,1209.63881763832,20.8574614853779,FALSE
"gdp_per_capita","Real GDP per capita",1894,1894-12-31,-0.147239387205329,215.151460397377,2346369,2025,1209.63881763832,17.7864216376121,FALSE
"gdp_per_capita","Real GDP per capita",1895,1895-12-31,0.231443983136971,264.946971369482,2375374,2025,1209.63881763832,21.9029819071746,FALSE
"gdp_per_capita","Real GDP per capita",1896,1896-12-31,-0.18248212274707,216.598885618572,2408379,2025,1209.63881763832,17.9060792742627,FALSE
"gdp_per_capita","Real GDP per capita",1897,1897-12-31,-0.0934452211049637,196.358754860856,2442384,2025,1209.63881763832,16.2328417373563,FALSE
"gdp_per_capita","Real GDP per capita",1898,1898-12-31,0.114760319117095,218.892948230123,2475389,2025,1209.63881763832,18.0957278353125,FALSE
"gdp_per_capita","Real GDP per capita",1899,1899-12-31,-0.0166145864213676,215.256132424726,2509394,2025,1209.63881763832,17.7950748013352,FALSE
"gdp_per_capita","Real GDP per capita",1900,1900-12-31,-0.0468048857413998,205.181093741451,2542399,2025,1209.63881763832,16.9621783584991,FALSE
"gdp_per_capita","Real GDP per capita",1901,1901-12-31,-0.0291147799350844,199.207291350329,2576404,2025,1209.63881763832,16.4683282683717,FALSE
"gdp_per_capita","Real GDP per capita",1902,1902-12-31,0.0747564326622321,214.099317811985,2609409,2025,1209.63881763832,17.6994417416258,FALSE
"gdp_per_capita","Real GDP per capita",1903,1903-12-31,0.0674150824999664,228.532840985467,2643414,2025,1209.63881763832,18.8926510668408,FALSE
"gdp_per_capita","Real GDP per capita",1904,1904-12-31,-0.0421036082289257,218.910783781171,2690421,2025,1209.63881763832,18.0972022879167,FALSE
"gdp_per_capita","Real GDP per capita",1905,1905-12-31,-0.0172739631969816,215.129326958713,2706424,2025,1209.63881763832,17.784591881627,FALSE
"gdp_per_capita","Real GDP per capita",1906,1906-12-31,-0.071278835626428,199.795159023999,2720426,2025,1209.63881763832,16.5169268802134,FALSE
"gdp_per_capita","Real GDP per capita",1907,1907-12-31,-0.00766133283043247,198.264461812807,2741429,2025,1209.63881763832,16.3903852060482,FALSE
"gdp_per_capita","Real GDP per capita",1908,1908-12-31,0.0603743703506927,210.234553857674,2761432,2025,1209.63881763832,17.3799443926686,FALSE
"gdp_per_capita","Real GDP per capita",1909,1909-12-31,0.0277103434159232,216.060225542963,2780435,2025,1209.63881763832,17.8615486203391,FALSE
"gdp_per_capita","Real GDP per capita",1910,1910-12-31,0.0244011721516668,221.332348301565,2805439,2025,1209.63881763832,18.2973913431193,FALSE
"gdp_per_capita","Real GDP per capita",1911,1911-12-31,0.0595066294031872,234.503090326883,2834444,2025,1209.63881763832,19.3862074288194,FALSE
"gdp_per_capita","Real GDP per capita",1912,1912-12-31,0.0249549523356034,240.355103768542,2856447,2025,1209.63881763832,19.8699893111737,FALSE
"gdp_per_capita","Real GDP per capita",1913,1913-12-31,0.147181555448459,275.730941801172,2874450,2025,1209.63881763832,22.7944852447365,FALSE
"gdp_per_capita","Real GDP per capita",1914,1914-12-31,-0.132808835139393,239.111436608671,2899454,2025,1209.63881763832,19.767176211781,FALSE
"gdp_per_capita","Real GDP per capita",1915,1915-12-31,0.0248366264137494,245.050158030975,2918457,2025,1209.63881763832,20.2581261826077,FALSE
"gdp_per_capita","Real GDP per capita",1916,1916-12-31,-0.0600141471614423,230.34368178497,2929459,2025,1209.63881763832,19.0423520166697,FALSE
"gdp_per_capita","Real GDP per capita",1917,1917-12-31,0.161136021388403,267.460346219756,2944461,2025,1209.63881763832,22.1107608585132,FALSE
"gdp_per_capita","Real GDP per capita",1918,1918-12-31,-0.0132394197031815,263.919326442194,2958463,2025,1209.63881763832,21.8180272155507,FALSE
"gdp_per_capita","Real GDP per capita",1919,1919-12-31,-0.0693742604486107,245.610118352172,2973465,2025,1209.63881763832,20.3044177130242,FALSE
"gdp_per_capita","Real GDP per capita",1920,1920-12-31,0.19283757098444,292.972976984405,2992468,2025,1209.63881763832,24.2198723050572,FALSE
"gdp_per_capita","Real GDP per capita",1921,1921-12-31,0.0326999999999997,302.553193331795,3008122,2025,1209.63881763832,25.0118621294326,FALSE
"gdp_per_capita","Real GDP per capita",1922,1922-12-31,0.035383773864627,313.258667106668,3024761,2025,1209.63881763832,25.8968762029536,FALSE
"gdp_per_capita","Real GDP per capita",1923,1923-12-31,0.0933874643830217,342.513099723765,3048789,2025,1209.63881763832,28.3153198069885,FALSE
"gdp_per_capita","Real GDP per capita",1924,1924-12-31,0.195393265218429,409.437852658877,3077150,2025,1209.63881763832,33.8479425997801,FALSE
"gdp_per_capita","Real GDP per capita",1925,1925-12-31,0.22788400411408,502.742189958652,3114434,2025,1209.63881763832,41.5613472904415,FALSE
"gdp_per_capita","Real GDP per capita",1926,1926-12-31,0.216029674598329,611.349421662271,3152362,2025,1209.63881763832,50.5398316214637,FALSE
"gdp_per_capita","Real GDP per capita",1927,1927-12-31,0.10768783384343,677.184316602515,3185407,2025,1209.63881763832,55.9823566115908,FALSE
"gdp_per_capita","Real GDP per capita",1928,1928-12-31,0.233745592479138,835.47316590435,3220758,2025,1209.63881763832,69.0679857261455,FALSE
"gdp_per_capita","Real GDP per capita",1929,1929-12-31,0.10815265759865,925.831809149263,3259256,2025,1209.63881763832,76.5378719374137,FALSE
"gdp_per_capita","Real GDP per capita",1930,1930-12-31,-0.03361204674456,894.712707102538,3300214,2025,1209.63881763832,73.9652774081243,FALSE
"gdp_per_capita","Real GDP per capita",1931,1931-12-31,-0.0507361555802708,849.318423995338,3335733,2025,1209.63881763832,70.2125635860078,FALSE
"gdp_per_capita","Real GDP per capita",1932,1932-12-31,-0.116638185009039,750.255464525785,3368440,2025,1209.63881763832,62.0230976045041,FALSE
"gdp_per_capita","Real GDP per capita",1933,1933-12-31,0.0379503914246033,778.727953072986,3400586,2025,1209.63881763832,64.3768984359614,FALSE
"gdp_per_capita","Real GDP per capita",1934,1934-12-31,0.100837758110738,857.25313403903,3430798,2025,1209.63881763832,70.8685205483665,FALSE
"gdp_per_capita","Real GDP per capita",1935,1935-12-31,0.305465838510309,1119.11468144385,3464993,2025,1209.63881763832,92.5164326016581,FALSE
"gdp_per_capita","Real GDP per capita",1936,1936-12-31,-0.0166909665251556,1100.43557575806,3509618,2025,1209.63881763832,90.9722439220769,FALSE
"gdp_per_capita","Real GDP per capita",1937,1937-12-31,0.13431466016824,1248.24020615305,3565014,2025,1209.63881763832,103.191149949213,FALSE
"gdp_per_capita","Real GDP per capita",1938,1938-12-31,0.0517963352257693,1312.89447431324,3623302,2025,1209.63881763832,108.536073344316,FALSE
"gdp_per_capita","Real GDP per capita",1939,1939-12-31,0.0250436215797802,1345.77410670212,3699042,2025,1209.63881763832,111.254209692906,FALSE
"gdp_per_capita","Real GDP per capita",1940,1940-12-31,-0.070884297040598,1250.3798551731,3783780,2025,1209.63881763832,103.368033246017,FALSE
"gdp_per_capita","Real GDP per capita",1941,1941-12-31,0.0710434206797528,1339.21111723365,3857666,2025,1209.63881763832,110.711651916752,FALSE
"gdp_per_capita","Real GDP per capita",1942,1942-12-31,-0.225527749404567,1037.18184798637,3934429,2025,1209.63881763832,85.7431022271051,FALSE
"gdp_per_capita","Real GDP per capita",1943,1943-12-31,0.0701314602502148,1109.92092553067,4019937,2025,1209.63881763832,91.7563911926754,FALSE
"gdp_per_capita","Real GDP per capita",1944,1944-12-31,0.291057997277928,1432.97228725249,4114006,2025,1209.63881763832,118.462822650666,FALSE
"gdp_per_capita","Real GDP per capita",1945,1945-12-31,0.184114061682762,1696.80263533739,4223014,2025,1209.63881763832,140.273494087285,FALSE
"gdp_per_capita","Real GDP per capita",1946,1946-12-31,0.132150538119526,1921.03601667985,4346854,2025,1209.63881763832,158.810711814825,FALSE
"gdp_per_capita","Real GDP per capita",1947,1947-12-31,0.107884117594117,2128.28529220588,4485785,2025,1209.63881763832,175.943865323462,FALSE
"gdp_per_capita","Real GDP per capita",1948,1948-12-31,0.0801912926461528,2298.95524090766,4622214,2025,1209.63881763832,190.05303131691,FALSE
"gdp_per_capita","Real GDP per capita",1949,1949-12-31,-0.0222701145635403,2247.7572443162,4811725,2025,1209.63881763832,185.820528536335,FALSE
"gdp_per_capita","Real GDP per capita",1950,1950-12-31,-0.0444144224012409,2147.92440461169,5009006,2025,1209.63881763832,177.5674170911,FALSE
"gdp_per_capita","Real GDP per capita",1951,1951-12-31,0.0729292169641766,2304.57084953826,5213263,2025,1209.63881763832,190.517269777905,FALSE
"gdp_per_capita","Real GDP per capita",1952,1952-12-31,0.0296756025545428,2372.96037812795,5431733,2025,1209.63881763832,196.170984555611,FALSE
"gdp_per_capita","Real GDP per capita",1953,1953-12-31,0.0186633716845654,2417.2478196577,5662004,2025,1209.63881763832,199.8321965541,FALSE
"gdp_per_capita","Real GDP per capita",1954,1954-12-31,0.0517745521199782,2542.39974288347,5901665,2025,1209.63881763832,210.17841902984,FALSE
"gdp_per_capita","Real GDP per capita",1955,1955-12-31,0.0451169822359958,2657.10514691994,6148303,2025,1209.63881763832,219.661035027599,FALSE
"gdp_per_capita","Real GDP per capita",1956,1956-12-31,0.0615485813807255,2820.64619929229,6403525,2025,1209.63881763832,233.180860118169,FALSE
"gdp_per_capita","Real GDP per capita",1957,1957-12-31,0.071698842867308,3022.88326791961,6668941,2025,1209.63881763832,249.899657967445,FALSE
"gdp_per_capita","Real GDP per capita",1958,1958-12-31,-0.026583349737606,2942.52490479255,6942137,2025,1209.63881763832,243.256487960389,FALSE
"gdp_per_capita","Real GDP per capita",1959,1959-12-31,0.0370570788727855,3051.56628227458,7220702,2025,1209.63881763832,252.270862821053,FALSE
"gdp_per_capita","Real GDP per capita",1960,1960-12-31,0.000804262656066257,3054.02054307793,7502222,2025,1209.63881763832,252.473754855235,FALSE
"gdp_per_capita","Real GDP per capita",1961,1961-12-31,0.0123463722592314,3091.72661759011,7785870,2025,1209.63881763832,255.590889818363,FALSE
"gdp_per_capita","Real GDP per capita",1962,1962-12-31,0.051613846546247,3251.30252079335,8073256,2025,1209.63881763832,268.782918784067,FALSE
"gdp_per_capita","Real GDP per capita",1963,1963-12-31,0.0311603442349817,3352.61422655333,8365618,2025,1209.63881763832,277.158287057861,FALSE
"gdp_per_capita","Real GDP per capita",1964,1964-12-31,0.0595399628361228,3552.22875300618,8664200,2025,1209.63881763832,293.66028116901,FALSE
"gdp_per_capita","Real GDP per capita",1965,1965-12-31,0.0225510023371767,3632.33507191741,8970241,2025,1209.63881763832,300.282614855989,FALSE
"gdp_per_capita","Real GDP per capita",1966,1966-12-31,-0.0107358845701276,3593.33874186527,9279558,2025,1209.63881763832,297.058815364478,FALSE
"gdp_per_capita","Real GDP per capita",1967,1967-12-31,0.00647060178570591,3616.58980594503,9591323,2025,1209.63881763832,298.980964665635,FALSE
"gdp_per_capita","Real GDP per capita",1968,1968-12-31,0.0179912794982204,3681.65688397421,9911812,2025,1209.63881763832,304.360014765583,FALSE
"gdp_per_capita","Real GDP per capita",1969,1969-12-31,0.00759610332435834,3709.62313006971,10247303,2025,1209.63881763832,306.671964885545,FALSE
"gdp_per_capita","Real GDP per capita",1970,1970-12-31,0.040232313677218,3858.86985146294,10604071,2025,1209.63881763832,319.010087572829,FALSE
"gdp_per_capita","Real GDP per capita",1971,1971-12-31,-0.00495855464066164,3839.73543445326,10984194,2025,1209.63881763832,317.428258622677,FALSE
"gdp_per_capita","Real GDP per capita",1972,1972-12-31,-0.0036453506311025,3825.738252464,11383489,2025,1209.63881763832,316.271121319776,FALSE
"gdp_per_capita","Real GDP per capita",1973,1973-12-31,0.0251498985515908,3921.95518139841,11798838,2025,1209.63881763832,324.225307935767,FALSE
"gdp_per_capita","Real GDP per capita",1974,1974-12-31,0.0234840766190003,4014.05867737466,12227126,2025,1209.63881763832,331.83943990915,FALSE
"gdp_per_capita","Real GDP per capita",1975,1975-12-31,0.0239860661274527,4110.34015424964,12665235,2025,1209.63881763832,339.798962658507,FALSE
"gdp_per_capita","Real GDP per capita",1976,1976-12-31,0.0500894847889812,4316.22497488347,13118977,2025,1209.63881763832,356.819317629902,FALSE
"gdp_per_capita","Real GDP per capita",1977,1977-12-31,0.0301992355472374,4446.57166957485,13590432,2025,1209.63881763832,367.594988250812,FALSE
"gdp_per_capita","Real GDP per capita",1978,1978-12-31,-0.0134914023234711,4386.58118222046,14070880,2025,1209.63881763832,362.635616372229,FALSE
"gdp_per_capita","Real GDP per capita",1979,1979-12-31,-0.0201218855671642,4298.31489764075,14551602,2025,1209.63881763832,355.338703997009,FALSE
"gdp_per_capita","Real GDP per capita",1980,1980-12-31,-0.050694823640753,4080.41258195243,15023880,2025,1209.63881763832,337.324871065147,FALSE
"gdp_per_capita","Real GDP per capita",1981,1981-12-31,-0.0326859480124644,3947.04042842933,15484656,2025,1209.63881763832,326.2990878662,FALSE
"gdp_per_capita","Real GDP per capita",1982,1982-12-31,-0.0219223251949718,3860.5121245996,15939742,2025,1209.63881763832,319.145853151175,FALSE
"gdp_per_capita","Real GDP per capita",1983,1983-12-31,-0.0776565001940626,3560.71826404645,16311069,2025,1209.63881763832,294.362103144006,FALSE
"gdp_per_capita","Real GDP per capita",1984,1984-12-31,-0.0372595399914271,3428.047539489,16712952,2025,1209.63881763832,283.394306589951,FALSE
"gdp_per_capita","Real GDP per capita",1985,1985-12-31,-0.0228938555821698,3349.56631419113,17137604,2025,1209.63881763832,276.906318262072,FALSE
"gdp_per_capita","Real GDP per capita",1986,1986-12-31,0.0376832848734612,3475.78897581134,17590455,2025,1209.63881763832,287.341057936403,FALSE
"gdp_per_capita","Real GDP per capita",1987,1987-12-31,0.00880502537565864,3506.3933859438,18061452,2025,1209.63881763832,289.871103243002,FALSE
"gdp_per_capita","Real GDP per capita",1988,1988-12-31,0.030763285361421,3614.26156626499,18542449,2025,1209.63881763832,298.788490710096,FALSE
"gdp_per_capita","Real GDP per capita",1989,1989-12-31,-0.108903108176657,3220.6572479353,19025297,2025,1209.63881763832,266.249495384355,FALSE
"gdp_per_capita","Real GDP per capita",1990,1990-12-31,0.0386626385347384,3345.1763549565,19501849,2025,1209.63881763832,276.543403384456,FALSE
"gdp_per_capita","Real GDP per capita",1991,1991-12-31,0.0714658154907406,3584.24211112381,19972039,2025,1209.63881763832,296.306803225911,FALSE
"gdp_per_capita","Real GDP per capita",1992,1992-12-31,0.0362570461465639,3714.19614274729,20441298,2025,1209.63881763832,307.050012664014,FALSE
"gdp_per_capita","Real GDP per capita",1993,1993-12-31,-0.0197102575523784,3640.98838017369,20909727,2025,1209.63881763832,300.997977832945,FALSE
"gdp_per_capita","Real GDP per capita",1994,1994-12-31,-0.0448592213318202,3477.65647656089,21377426,2025,1209.63881763832,287.495442924907,FALSE
"gdp_per_capita","Real GDP per capita",1995,1995-12-31,0.0172901120142841,3537.78554658783,21844496,2025,1209.63881763832,292.466271336674,FALSE
"gdp_per_capita","Real GDP per capita",1996,1996-12-31,-0.0228502725204724,3456.94618272931,22311094,2025,1209.63881763832,285.783337333585,FALSE
"gdp_per_capita","Real GDP per capita",1997,1997-12-31,0.041629761205229,3600.85802681566,22784025,2025,1209.63881763832,297.680429423216,FALSE
"gdp_per_capita","Real GDP per capita",1998,1998-12-31,-0.0170189803511716,3539.57509480992,23246657,2025,1209.63881763832,292.614212043933,FALSE
"gdp_per_capita","Real GDP per capita",1999,1999-12-31,-0.0201609029563796,3468.21406481664,23710809,2025,1209.63881763832,286.714845311258,FALSE
"gdp_per_capita","Real GDP per capita",2000,2000-12-31,0.0112754910121291,3507.31988133262,24310896,2025,1209.63881763832,289.947695972609,FALSE
"gdp_per_capita","Real GDP per capita",2001,2001-12-31,0.0149596413732205,3559.78812893853,24765581,2025,1209.63881763832,294.285209521352,FALSE
"gdp_per_capita","Real GDP per capita",2002,2002-12-31,-0.104975851152872,3186.09634017931,25219910,2025,1209.63881763832,263.392369170146,FALSE
"gdp_per_capita","Real GDP per capita",2003,2003-12-31,-0.0938522211668731,2887.07412180184,25673550,2025,1209.63881763832,238.672410285123,FALSE
"gdp_per_capita","Real GDP per capita",2004,2004-12-31,0.16232109070819,3355.7071422081,26127351,2025,1209.63881763832,277.413976244556,FALSE
"gdp_per_capita","Real GDP per capita",2005,2005-12-31,0.0844971877650571,3639.25495868781,26577423,2025,1209.63881763832,300.854677083944,FALSE
"gdp_per_capita","Real GDP per capita",2006,2006-12-31,0.0803000535072891,3931.4873265971,27030656,2025,1209.63881763832,325.013323751703,FALSE
"gdp_per_capita","Real GDP per capita",2007,2007-12-31,0.0696269689889109,4205.22487276638,27483208,2025,1209.63881763832,347.643016365546,FALSE
"gdp_per_capita","Real GDP per capita",2008,2008-12-31,0.0160691103412982,4272.79909525683,27934783,2025,1209.63881763832,353.229330354905,FALSE
"gdp_per_capita","Real GDP per capita",2009,2009-12-31,-0.0561411650613464,4032.91917597605,28384132,2025,1209.63881763832,333.398624214942,FALSE
"gdp_per_capita","Real GDP per capita",2010,2010-12-31,-0.0220169025144044,3944.12678763011,28830996,2025,1209.63881763832,326.058219207165,FALSE
"gdp_per_capita","Real GDP per capita",2011,2011-12-31,0.0118288116009122,3990.7811203311,29271530,2025,1209.63881763832,329.915100453095,FALSE
"gdp_per_capita","Real GDP per capita",2012,2012-12-31,0.0270599757452983,4098.77156065205,29709666,2025,1209.63881763832,338.842595069364,FALSE
"gdp_per_capita","Real GDP per capita",2013,2013-12-31,-0.0136183574219646,4042.95302454811,30143256,2025,1209.63881763832,334.228115499923,FALSE
"gdp_per_capita","Real GDP per capita",2014,2014-12-31,-0.0229047486228893,3950.35020182668,30138526,2025,1209.63881763832,326.572704531695,FALSE
"gdp_per_capita","Real GDP per capita",2015,2015-12-31,-0.0530615832564492,3740.73836570033,30596024,2025,1209.63881763832,309.244239780903,FALSE
"gdp_per_capita","Real GDP per capita",2016,2016-12-31,-0.174954528795905,3086.27924758046,30787910,2025,1209.63881763832,255.140559527187,FALSE
"gdp_per_capita","Real GDP per capita",2017,2017-12-31,-0.138590422232047,2658.55050353228,30587378,2025,1209.63881763832,219.780521653794,FALSE
"gdp_per_capita","Real GDP per capita",2018,2018-12-31,-0.193976712359702,2142.85361721486,29829092,2025,1209.63881763832,177.148218622691,FALSE
"gdp_per_capita","Real GDP per capita",2019,2019-12-31,-0.268578796282625,1567.32857209342,28958968,2025,1209.63881763832,129.569963301397,FALSE
"gdp_per_capita","Real GDP per capita",2020,2020-12-31,-0.32043696745137,1065.09855745192,28464595,2025,1209.63881763832,88.050957188312,FALSE
"gdp_per_capita","Real GDP per capita",2021,2021-12-31,0.0184910884120359,1084.7933890453,28258199,2025,1209.63881763832,89.6791152224458,FALSE
"gdp_per_capita","Real GDP per capita",2022,2022-12-31,0.0751879402523308,1166.35676956696,28233366,2025,1209.63881763832,96.4219031796728,FALSE
"gdp_per_capita","Real GDP per capita",2023,2023-12-31,-0.00953842933745186,1155.23155793819,28321273,2025,1209.63881763832,95.5021896696111,FALSE
"gdp_per_capita","Real GDP per capita",2024,2024-12-31,0.043893891801329,1205.9391669478,28405543,2025,1209.63881763832,99.6941524497582,FALSE
"gdp_per_capita","Real GDP per capita",2025,2025-12-31,0.00306785847239466,1209.63881763832,28516896,2025,1209.63881763832,100,TRUE
