"date","year","gdp_growth","gdp_pc_growth","gdp_index","gdp_pc_index","population"
1830-12-31,1830,0,0,100,100,891857
1831-12-31,1831,0.207547169811321,0.174549162490242,120.754716981132,117.454916249024,916913
1832-12-31,1832,-0.015625,-0.0445142527121556,118.867924528302,112.22649842483,944636
1833-12-31,1833,0,-0.031294576338277,118.867924528302,108.714417702697,975153
1834-12-31,1834,0.0317460317460319,-0.000541160481756009,122.641509433962,108.655585756039,1006655
1835-12-31,1835,0.0461538461538462,0.0134144745452165,128.301886792453,110.113143345359,1039176
1836-12-31,1836,0.382352941176471,0.339094249710556,177.358490566038,147.451877071324,1072746
1837-12-31,1837,-0.0212765957446809,-0.0519047598645148,173.584905660377,139.798422800365,1107401
1838-12-31,1838,-0.0326086956521739,-0.0628826201511519,167.924528301887,131.00753168168,1143176
1839-12-31,1839,0.191011235955056,0.159481836825306,200,151.900853472223,1174262
1840-12-31,1840,-0.00943396226415094,-0.0310521902804226,198.11320754717,147.183999266445,1200461
1841-12-31,1841,0.171428571428571,0.151190738344431,232.075471698113,169.436856788025,1221565
1842-12-31,1842,0.089430894308943,0.0755233520423744,252.830188679245,182.233296172181,1237361
1843-12-31,1843,-0.17910447761194,-0.185859151430987,207.547169811321,148.363570383147,1247627
1844-12-31,1844,0.109090909090909,0.0999641199386985,230.188679245283,163.194604127462,1257979
1845-12-31,1845,0.0573770491803278,0.0486765563906637,243.396226415094,171.138355477924,1268416
1846-12-31,1846,0.054263565891473,0.0455875409372277,256.603773584906,178.940132264204,1278941
1847-12-31,1847,-0.213235294117647,-0.219709139526066,201.88679245283,139.625349777755,1289552
1848-12-31,1848,0.0747663551401869,0.0659227355362448,216.981132075472,148.82983478531,1300251
1849-12-31,1849,-0.0173913043478261,-0.0260391561413245,213.207547169811,144.954431478848,1311796
1850-12-31,1850,0.265486725663717,0.253631755888088,269.811320754717,181.719478458587,1324201
1851-12-31,1851,0.013986013986014,0.00263164695432661,273.584905660377,182.197699970615,1339197
1852-12-31,1852,-0.186206896551724,-0.195770356647874,222.641509433962,146.528791266945,1355122
1853-12-31,1853,0.23728813559322,0.224138190686545,275.471698113207,179.371489425005,1369679
1854-12-31,1854,0.047945205479452,0.0368086336128233,288.679245283019,185.973908859836,1384391
1855-12-31,1855,0.111111111111111,0.0993048622322403,320.754716981132,204.442022257953,1399259
1856-12-31,1856,-0.111764705882353,-0.121200474437036,284.905660377358,179.663552165422,1414283
1857-12-31,1857,-0.125827814569536,-0.135113394763816,249.056603773585,155.388599717026,1429467
1858-12-31,1858,0.242424242424242,0.229228754014678,309.433962264151,191.008134818246,1444812
1859-12-31,1859,-0.237804878048781,-0.245898561522116,235.849056603774,144.039509227417,1460319
1860-12-31,1860,0.12,0.108107894966839,264.150943396226,159.611317362049,1475991
1861-12-31,1861,0.221428571428572,0.208462897220273,322.641509433962,192.884355008487,1491827
1862-12-31,1862,-0.146198830409357,-0.155261569308185,275.471698113208,162.936827354872,1507832
1863-12-31,1863,0.0136986301369864,0.00294108803889248,279.245283018868,163.4160389089,1524005
1864-12-31,1864,0.0067567567567568,-0.0039255187745888,281.132075471698,162.774546180095,1540349
1865-12-31,1865,0.147651006711409,0.13547469407272,322.641509433962,184.826378026669,1556867
1866-12-31,1866,-0.134502923976608,-0.14368394432156,279.245283018868,158.269795017129,1573559
1867-12-31,1867,-0.0945945945945946,-0.104197285179185,252.830188679245,141.778512050478,1590427
1868-12-31,1868,-0.104477611940298,-0.113975032224683,226.415094339623,125.619301570757,1607475
1869-12-31,1869,0.125,0.109934348865214,254.716981132076,139.429177693841,1629294
1870-12-31,1870,0.037037037037037,0.0220033147955601,264.150943396226,142.497081782325,1653261
1871-12-31,1871,-0.114285714285714,-0.125918729397704,233.962264150943,124.554030301414,1675264
1872-12-31,1872,0.193548387096774,0.176688224083128,279.245283018868,146.561260717767,1699268
1873-12-31,1873,0.0743243243243243,0.0581316719601004,300,155.081111847871,1725272
1874-12-31,1874,0.257861635220126,0.237770584391446,377.358490566038,191.954838440014,1753276
1875-12-31,1875,-0.045,-0.0615947936451713,360.377358490566,180.13141977711,1784281
1876-12-31,1876,0.12565445026178,0.105819154124152,405.660377358491,199.192774249106,1816286
1877-12-31,1877,-0.153488372093023,-0.168596387153427,343.396226415094,165.609592163638,1849291
1878-12-31,1878,-0.0769230769230769,-0.093590255512757,316.981132075472,150.11014811768,1883296
1879-12-31,1879,0,-0.0177358693288115,316.981132075472,147.447814145736,1917301
1880-12-31,1880,0.244047619047619,0.221741747475867,394.33962264151,180.143150115909,1952306
1881-12-31,1881,0.177033492822966,0.156883061232222,464.150943396227,208.404558966108,1986311
1882-12-31,1882,0.186991869918699,0.167590911046157,550.943396226415,243.331268869411,2019316
1883-12-31,1883,-0.14041095890411,-0.154234691303364,473.584905660377,205.801145730881,2052321
1884-12-31,1884,0.0438247011952191,0.0282900297801083,494.339622641509,211.623266272388,2083326
1885-12-31,1885,0.0725190839694656,0.0572914953359276,530.188679245283,223.747479645007,2113331
1886-12-31,1886,-0.0569395017793595,-0.0640270686678912,500,209.421584401508,2129334
1887-12-31,1887,0.105660377358491,0.0963906615320571,552.830188679245,229.607869461061,2147337
1888-12-31,1888,0.0375426621160408,0.0251284761297343,573.584905660377,235.377565328013,2173341
1889-12-31,1889,-0.0296052631578947,-0.0406425434755879,556.603773584906,225.811222395991,2198345
1890-12-31,1890,0.0677966101694916,0.0553134148387011,594.339622641509,238.301612215614,2224349
1891-12-31,1891,-0.0920634920634921,-0.104545156329311,539.622641509434,213.388332913006,2255354
1892-12-31,1892,-0.132867132867133,-0.144251918223973,467.924528301887,182.606656563689,2285359
1893-12-31,1893,0.399193548387097,0.381658014274499,654.716981132075,252.299950501093,2314364
1894-12-31,1894,-0.135446685878963,-0.147239387205329,566.037735849057,215.151460397377,2346369
1895-12-31,1895,0.246666666666667,0.231443983136971,705.66037735849,264.946971369482,2375374
1896-12-31,1896,-0.171122994652406,-0.18248212274707,584.905660377358,216.598885618572,2408379
1897-12-31,1897,-0.0806451612903226,-0.0934452211049637,537.735849056604,196.358754860856,2442384
1898-12-31,1898,0.129824561403509,0.114760319117095,607.54716981132,218.892948230123,2475389
1899-12-31,1899,-0.00310559006211175,-0.0166145864213676,605.66037735849,215.256132424726,2509394
1900-12-31,1900,-0.0342679127725857,-0.0468048857413998,584.905660377358,205.181093741451,2542399
1901-12-31,1901,-0.0161290322580645,-0.0291147799350844,575.471698113207,199.207291350329,2576404
1902-12-31,1902,0.0885245901639344,0.0747564326622321,626.415094339622,214.099317811985,2609409
1903-12-31,1903,0.0813253012048192,0.0674150824999664,677.358490566037,228.532840985467,2643414
1904-12-31,1904,-0.0250696378830083,-0.0421036082289257,660.377358490566,218.910783781171,2690421
1905-12-31,1905,-0.0114285714285715,-0.0172739631969816,652.830188679245,215.129326958713,2706424
1906-12-31,1906,-0.0664739884393064,-0.071278835626428,609.433962264151,199.795159023999,2720426
1907-12-31,1907,0,-0.00766133283043247,609.433962264151,198.264461812807,2741429
1908-12-31,1908,0.068111455108359,0.0603743703506927,650.943396226415,210.234553857674,2761432
1909-12-31,1909,0.0347826086956522,0.0277103434159232,673.584905660377,216.060225542963,2780435
1910-12-31,1910,0.0336134453781514,0.0244011721516668,696.226415094339,221.332348301565,2805439
1911-12-31,1911,0.070460704607046,0.0595066294031872,745.283018867924,234.503090326883,2834444
1912-12-31,1912,0.0329113924050632,0.0249549523356034,769.811320754716,240.355103768542,2856447
1913-12-31,1913,0.154411764705882,0.147181555448459,888.679245283018,275.730941801172,2874450
1914-12-31,1914,-0.125265392781316,-0.132808835139393,777.358490566037,239.111436608671,2899454
1915-12-31,1915,0.0315533980582525,0.0248366264137494,801.88679245283,245.050158030975,2918457
1916-12-31,1916,-0.0564705882352942,-0.0600141471614423,756.603773584905,230.34368178497,2929459
1917-12-31,1917,0.167082294264339,0.161136021388403,883.018867924528,267.460346219756,2944461
1918-12-31,1918,-0.00854700854700852,-0.0132394197031815,875.471698113207,263.919326442194,2958463
1919-12-31,1919,-0.0646551724137931,-0.0693742604486107,818.867924528301,245.610118352172,2973465
1920-12-31,1920,0.200460829493088,0.19283757098444,983.018867924528,292.972976984405,2992468
1921-12-31,1921,0.0381021917026347,0.0326999999999997,1020.4740412775,302.553193331795,3008122
1922-12-31,1922,0.0411108522920753,0.035383773864627,1062.42659885635,313.258667106668,3024761
1923-12-31,1923,0.102073080864521,0.0933874643830217,1170.87175499403,342.513099723765,3048789
1924-12-31,1924,0.20651327004489,0.195393265218429,1412.67230992105,409.437852658877,3077150
1925-12-31,1925,0.242761545738437,0.22788400411408,1755.61482349937,502.742189958652,3114434
1926-12-31,1926,0.230838649037397,0.216029674598329,2160.87857758599,611.349421662271,3152362
1927-12-31,1927,0.119299299934366,0.10768783384343,2418.66987913517,677.184316602515,3185407
1928-12-31,1928,0.247437450517916,0.233745592479138,3017.13938767286,835.47316590435,3220758
1929-12-31,1929,0.121398502524668,0.10815265759865,3383.41559124453,925.831809149263,3259256
1930-12-31,1930,-0.0214677666421573,-0.03361204674456,3310.78121487826,894.712707102538,3300214
1931-12-31,1931,-0.0405195749312753,-0.0507361555802708,3176.62976736094,849.318423995338,3335733
1932-12-31,1932,-0.107976785885395,-0.116638185009039,2833.62749513344,750.255464525785,3368440
1933-12-31,1933,0.0478558530871938,0.0379503914246033,2969.23315624438,778.727953072986,3400586
1934-12-31,1934,0.110617987267725,0.100837758110738,3297.68375171672,857.25313403903,3430798
1935-12-31,1935,0.31847750645108,0.305465838510309,4347.92185002771,1119.11468144385,3464993
1936-12-31,1936,-0.00402711248019383,-0.0166909665251556,4330.41227968255,1100.43557575806,3509618
1937-12-31,1937,0.152218744007188,0.13431466016824,4989.58219792913,1248.24020615305,3565014
1938-12-31,1938,0.0689932115319039,0.0517963352257693,5333.82949796668,1312.89447431324,3623302
1939-12-31,1939,0.0464707076737498,0.0250436215797802,5581.69632934831,1345.77410670212,3699042
1940-12-31,1940,-0.049600027643988,-0.070884297040598,5304.84403711229,1250.3798551731,3783780
1941-12-31,1941,0.0919577217702878,0.0710434206797528,5792.66540911183,1339.21111723365,3857666
1942-12-31,1942,-0.210116665766829,-0.225527749404567,4575.52986744641,1037.18184798637,3934429
1943-12-31,1943,0.093388914102623,0.0701314602502148,5002.83363321135,1109.92092553067,4019937
1944-12-31,1944,0.321269549037555,0.291057997277928,6610.09173846307,1432.97228725249,4114006
1945-12-31,1945,0.215489296827269,0.184114061682762,8034.49575914822,1696.80263533739,4223014
1946-12-31,1946,0.165350883332855,0.132150538119526,9363.00673005745,1921.03601667985,4346854
1947-12-31,1947,0.14329350754406,0.107884117594117,10704.664805566,2128.28529220588,4485785
1948-12-31,1948,0.113043829685806,0.0801912926461528,11914.7611106901,2298.95524090766,4622214
1949-12-31,1949,0.0178168585447902,-0.0222701145635403,12127.0447239942,2247.7572443162,4811725
1950-12-31,1950,-0.00523535910600659,-0.0444144224012409,12063.5552899695,2147.92440461169,5009006
1951-12-31,1951,0.11668107173725,0.0729292169641766,13471.1438501647,2304.57084953826,5213263
1952-12-31,1952,0.0728257810301141,0.0296756025545428,14452.190422422,2372.96037812795,5431733
1953-12-31,1953,0.0618482324391672,0.0186633716845654,15346.032854923,2417.2478196577,5662004
1954-12-31,1954,0.0962940086473183,0.0517745521199782,16823.763875357,2542.39974288347,5901665
1955-12-31,1955,0.0887937348583014,0.0451169822359958,18317.6087042241,2657.10514691994,6148303
1956-12-31,1956,0.105614489003878,0.0615485813807255,20252.2135872938,2820.64619929229,6403525
1957-12-31,1957,0.116119067677622,0.071698842867308,22603.8817474584,3022.88326791961,6668941
1958-12-31,1958,0.0132930766972785,-0.026583349737606,22904.3568811836,2942.52490479255,6942137
1959-12-31,1959,0.0786707498758492,0.0370570788727855,24706.2598124503,3051.56628227458,7220702
1960-12-31,1960,0.0398235181277553,0.000804262656066257,25690.1499979605,3054.02054307793,7502222
1961-12-31,1961,0.0506217023945683,0.0123463722592314,26990.6291256291,3091.72661759011,7785870
1962-12-31,1962,0.0904302019315204,0.051613846546247,29431.3971677185,3251.30252079335,8073256
1963-12-31,1963,0.0685024154589375,0.0311603442349817,31447.5189640385,3352.61422655333,8365618
1964-12-31,1964,0.0973566024655608,0.0595399628361228,34509.1425663486,3552.22875300618,8664200
1965-12-31,1965,0.0586700359820922,0.0225510023371767,36533.7952024274,3632.33507191741,8970241
1966-12-31,1966,0.023376488597151,-0.0107358845701276,37387.8270493876,3593.33874186527,9279558
1967-12-31,1967,0.0402849609573088,0.00647060178570591,38893.9942023508,3616.58980594503,9591323
1968-12-31,1968,0.0520069212584973,0.0179912794982204,40916.7510962609,3681.65688397421,9911812
1969-12-31,1969,0.0417008083268744,0.00759610332435834,42623.0126910845,3709.62313006971,10247303
1970-12-31,1970,0.0764488286066578,0.040232313677218,45881.4920830047,3858.86985146294,10604071
1971-12-31,1971,0.0307105897223221,-0.00495855464066164,47290.5397622138,3839.73543445326,10984194
1972-12-31,1972,0.032573914043188,-0.0036453506311025,48830.9777394841,3825.738252464,11383489
1973-12-31,1973,0.062554510196887,0.0251498985515908,51885.5756344126,3921.95518139841,11798838
1974-12-31,1974,0.0606356968215152,0.0234840766190003,55031.6936679907,4014.05867737466,12227126
1975-12-31,1975,0.060676414410854,0.0239860661274527,58370.8195187208,4110.34015424964,12665235
1976-12-31,1976,0.0877097660555448,0.0500894847889812,63490.5104431783,4316.22497488347,13118977
1977-12-31,1977,0.0672213738279073,0.0301992355472374,67758.4297802038,4446.57166957485,13590432
1978-12-31,1978,0.0213835805127249,-0.0134914023234711,69207.3476188246,4386.58118222046,14070880
1979-12-31,1979,0.0133549806221844,-0.0201218855671642,70131.6104051868,4298.31489764075,14551602
1980-12-31,1980,-0.019884748565817,-0.050694823640753,68737.0609657638,4080.41258195243,15023880
1981-12-31,1981,-0.00301883807690773,-0.0326859480124644,68529.5549088257,3947.04042842933,15484656
1982-12-31,1982,0.00682286983656955,-0.0219223251949718,68997.1231419266,3860.5121245996,15939742
1983-12-31,1983,-0.0561698886320663,-0.0776565001940626,65121.5624191116,3560.71826404645,16311069
1984-12-31,1984,-0.0135388982425861,-0.0372595399914271,64239.8882121211,3428.047539489,16712952
1985-12-31,1985,0.00193300196156732,-0.0228938555821698,64364.064042046,3349.56631419113,17137604
1986-12-31,1986,0.0651034489312976,0.0376832848734612,68554.3865984181,3475.78897581134,17590455
1987-12-31,1987,0.0358165006636406,0.00880502537565864,71009.7648315158,3506.3933859438,18061452
1988-12-31,1988,0.0582136834783051,0.030763285361421,75143.5048052865,3614.26156626499,18542449
1989-12-31,1989,-0.0856988188175155,-0.108903108176657,68703.7952016652,3220.6572479353,19025297
1990-12-31,1990,0.064679407561735,0.0386626385347384,73147.5159725516,3345.1763549565,19501849
1991-12-31,1991,0.0972988794112739,0.0714658154907406,80264.6873083992,3584.24211112381,19972039
1992-12-31,1992,0.0606047326906214,0.0362570461465639,85129.107227221,3714.19614274729,20441298
1993-12-31,1993,0.0027538806723566,-0.0197102575523784,85363.542630269,3640.98838017369,20909727
1994-12-31,1994,-0.0234950788424259,-0.0448592213318202,83357.9194659021,3477.65647656089,21377426
1995-12-31,1995,0.0395166276209111,0.0172901120142841,86651.9433286901,3537.78554658783,21844496
1996-12-31,1996,-0.00197837378028209,-0.0228502725204724,86480.5133959981,3456.94618272931,22311094
1997-12-31,1997,0.0637093151973625,0.041629761205229,91990.1276823735,3600.85802681566,22784025
1998-12-31,1998,0.00294055160519591,-0.0170189803511716,92260.629399992,3539.57509480992,23246657
1999-12-31,1999,-0.000597045814640996,-0.0201609029563796,92205.5455773526,3468.21406481664,23710809
2000-12-31,2000,0.0368694416687683,0.0112754910121291,95605.1125615538,3507.31988133262,24310896
2001-12-31,2001,0.033942361077907,0.0149596413732205,98850.175813012,3559.78812893853,24765581
2002-12-31,2002,-0.0885564735286779,-0.104975851152872,90096.3528353218,3186.09634017931,25219910
2003-12-31,2003,-0.0775530004959881,-0.0938522211668731,83109.1103391974,2887.07412180184,25673550
2004-12-31,2004,0.182866066891245,0.16232109070819,98306.9464697569,3355.7071422081,26127351
2005-12-31,2005,0.10317882978425,0.0844971877650571,108450.142166169,3639.25495868781,26577423
2006-12-31,2006,0.0987227438543281,0.0803000535072891,119156.637772205,3931.4873265971,27030656
2007-12-31,2007,0.0875348519522348,0.0696269689889109,129586.996418722,4205.22487276638,27483208
2008-12-31,2008,0.0327640830861964,0.0160691103412982,133832.795536275,4272.79909525683,27934783
2009-12-31,2009,-0.0409585869965426,-0.0561411650613464,128351.193337312,4032.91917597605,28384132
2010-12-31,2010,-0.00662008013227904,-0.0220169025144044,127501.498152346,3944.12678763011,28830996
2011-12-31,2011,0.0272894288369523,0.0118288116009122,130980.941212779,3990.7811203311,29271530
2012-12-31,2012,0.0424330003030559,0.0270599757452983,136538.855530955,4098.77156065205,29709666
2013-12-31,2013,0.00077713313674451,-0.0136183574219646,136644.964400041,4042.95302454811,30143256
2014-12-31,2014,-0.0230580718252338,-0.0229047486228893,133494.194996349,3950.35020182668,30138526
2015-12-31,2015,-0.0386872096794752,-0.0530615832564492,128329.677083532,3740.73836570033,30596024
2016-12-31,2016,-0.169780174269073,-0.174954528795905,106541.842144396,3086.27924758046,30787910
2017-12-31,2017,-0.144201072173824,-0.138590422232047,91178.3942758,2658.55050353228,30587378
2018-12-31,2018,-0.213958685796314,-0.193976712359702,71669.9848635317,2142.85361721486,29829092
2019-12-31,2019,-0.289914582952342,-0.268578796282625,50891.8110916202,1567.32857209342,28958968
2020-12-31,2020,-0.332038127240288,-0.32043696745137,33993.7894448921,1065.09855745192,28464595
2021-12-31,2021,0.0111060373799066,0.0184910884120359,34371.3257411518,1084.7933890453,28258199
2022-12-31,2022,0.0742430767059921,0.0751879402523308,36923.1587146388,1166.35676956696,28233366
2023-12-31,2023,-0.00645454251743061,-0.00953842933745186,36684.8366168373,1155.23155793819,28321273
2024-12-31,2024,0.047,0.043893891801329,38409.0239378286,1205.9391669478,28405543
2025-12-31,2025,0.007,0.00306785847239466,38677.8871053934,1209.63881763832,28516896
