"series_id","series_label","episode_id","episode_label","phase","start_year","end_year","start_date","end_date","duration_years","average_growth","cumulative_growth","start_index_value","end_index_value","episode_index_end_100"
"gdp","Real GDP",1,"1830-1831","expansion",1830,1831,"1830-12-31","1831-12-31",1,0.207547169811321,0.20754716981132,100,120.754716981132,120.754716981132
"gdp","Real GDP",2,"1831-1832","contraction",1831,1832,"1831-12-31","1832-12-31",1,-0.015625,-0.0156249999999986,120.754716981132,118.867924528302,98.4375000000001
"gdp","Real GDP",3,"1832-1836","expansion",1832,1836,"1832-12-31","1836-12-31",4,0.115063204769087,0.492063492063493,118.867924528302,177.358490566038,149.206349206349
"gdp","Real GDP",4,"1836-1838","contraction",1836,1838,"1836-12-31","1838-12-31",2,-0.0269426456984274,-0.0531914893617024,177.358490566038,167.924528301887,94.6808510638298
"gdp","Real GDP",5,"1838-1839","expansion",1838,1839,"1838-12-31","1839-12-31",1,0.191011235955056,0.191011235955055,167.924528301887,200,119.101123595505
"gdp","Real GDP",6,"1839-1840","contraction",1839,1840,"1839-12-31","1840-12-31",1,-0.00943396226415094,-0.00943396226415005,200,198.11320754717,99.056603773585
"gdp","Real GDP",7,"1840-1842","expansion",1840,1842,"1840-12-31","1842-12-31",2,0.130429732868757,0.276190476190474,198.11320754717,252.830188679245,127.619047619047
"gdp","Real GDP",8,"1842-1843","contraction",1842,1843,"1842-12-31","1843-12-31",1,-0.17910447761194,-0.179104477611938,252.830188679245,207.547169811321,82.0895522388062
"gdp","Real GDP",9,"1843-1846","expansion",1843,1846,"1843-12-31","1846-12-31",3,0.0735771747209033,0.236363636363637,207.547169811321,256.603773584906,123.636363636364
"gdp","Real GDP",10,"1846-1847","contraction",1846,1847,"1846-12-31","1847-12-31",1,-0.213235294117647,-0.213235294117649,256.603773584906,201.88679245283,78.6764705882351
"gdp","Real GDP",11,"1847-1848","expansion",1847,1848,"1847-12-31","1848-12-31",1,0.0747663551401869,0.0747663551401894,201.88679245283,216.981132075472,107.476635514019
"gdp","Real GDP",12,"1848-1849","contraction",1848,1849,"1848-12-31","1849-12-31",1,-0.0173913043478261,-0.017391304347829,216.981132075472,213.207547169811,98.2608695652171
"gdp","Real GDP",13,"1849-1851","expansion",1849,1851,"1849-12-31","1851-12-31",2,0.139736369824866,0.283185840707965,213.207547169811,273.584905660377,128.318584070796
"gdp","Real GDP",14,"1851-1852","contraction",1851,1852,"1851-12-31","1852-12-31",1,-0.186206896551724,-0.186206896551724,273.584905660377,222.641509433962,81.3793103448276
"gdp","Real GDP",15,"1852-1855","expansion",1852,1855,"1852-12-31","1855-12-31",3,0.132114817394594,0.440677966101696,222.641509433962,320.754716981132,144.06779661017
"gdp","Real GDP",16,"1855-1857","contraction",1855,1857,"1855-12-31","1857-12-31",2,-0.118796260225944,-0.223529411764705,320.754716981132,249.056603773585,77.6470588235295
"gdp","Real GDP",17,"1857-1858","expansion",1857,1858,"1857-12-31","1858-12-31",1,0.242424242424242,0.242424242424242,249.056603773585,309.433962264151,124.242424242424
"gdp","Real GDP",18,"1858-1859","contraction",1858,1859,"1858-12-31","1859-12-31",1,-0.237804878048781,-0.237804878048779,309.433962264151,235.849056603774,76.2195121951221
"gdp","Real GDP",19,"1859-1861","expansion",1859,1861,"1859-12-31","1861-12-31",2,0.170714285714286,0.367999999999997,235.849056603774,322.641509433962,136.8
"gdp","Real GDP",20,"1861-1862","contraction",1861,1862,"1861-12-31","1862-12-31",1,-0.146198830409357,-0.146198830409355,322.641509433962,275.471698113208,85.3801169590645
"gdp","Real GDP",21,"1862-1865","expansion",1862,1865,"1862-12-31","1865-12-31",3,0.0560354645350507,0.171232876712326,275.471698113208,322.641509433962,117.123287671233
"gdp","Real GDP",22,"1865-1868","contraction",1865,1868,"1865-12-31","1868-12-31",3,-0.1111917101705,-0.298245614035086,322.641509433962,226.415094339623,70.1754385964914
"gdp","Real GDP",23,"1868-1870","expansion",1868,1870,"1868-12-31","1870-12-31",2,0.0810185185185185,0.166666666666663,226.415094339623,264.150943396226,116.666666666666
"gdp","Real GDP",24,"1870-1871","contraction",1870,1871,"1870-12-31","1871-12-31",1,-0.114285714285714,-0.114285714285714,264.150943396226,233.962264150943,88.5714285714286
"gdp","Real GDP",25,"1871-1874","expansion",1871,1874,"1871-12-31","1874-12-31",3,0.175244782213741,0.612903225806455,233.962264150943,377.358490566038,161.290322580646
"gdp","Real GDP",26,"1874-1875","contraction",1874,1875,"1874-12-31","1875-12-31",1,-0.045,-0.0450000000000007,377.358490566038,360.377358490566,95.4999999999999
"gdp","Real GDP",27,"1875-1876","expansion",1875,1876,"1875-12-31","1876-12-31",1,0.12565445026178,0.125654450261782,360.377358490566,405.660377358491,112.565445026178
"gdp","Real GDP",28,"1876-1878","contraction",1876,1878,"1876-12-31","1878-12-31",2,-0.11520572450805,-0.218604651162791,405.660377358491,316.981132075472,78.1395348837209
"gdp","Real GDP",29,"1878-1882","expansion",1878,1882,"1878-12-31","1882-12-31",4,0.152018245447321,0.738095238095236,316.981132075472,550.943396226415,173.809523809524
"gdp","Real GDP",30,"1882-1883","contraction",1882,1883,"1882-12-31","1883-12-31",1,-0.14041095890411,-0.14041095890411,550.943396226415,473.584905660377,85.958904109589
"gdp","Real GDP",31,"1883-1885","expansion",1883,1885,"1883-12-31","1885-12-31",2,0.0581718925823424,0.119521912350598,473.584905660377,530.188679245283,111.95219123506
"gdp","Real GDP",32,"1885-1886","contraction",1885,1886,"1885-12-31","1886-12-31",1,-0.0569395017793595,-0.0569395017793594,530.188679245283,500,94.3060498220641
"gdp","Real GDP",33,"1886-1888","expansion",1886,1888,"1886-12-31","1888-12-31",2,0.0716015197372659,0.147169811320754,500,573.584905660377,114.716981132075
"gdp","Real GDP",34,"1888-1889","contraction",1888,1889,"1888-12-31","1889-12-31",1,-0.0296052631578947,-0.0296052631578936,573.584905660377,556.603773584906,97.0394736842106
"gdp","Real GDP",35,"1889-1890","expansion",1889,1890,"1889-12-31","1890-12-31",1,0.0677966101694916,0.06779661016949,556.603773584906,594.339622641509,106.779661016949
"gdp","Real GDP",36,"1890-1892","contraction",1890,1892,"1890-12-31","1892-12-31",2,-0.112465312465313,-0.212698412698412,594.339622641509,467.924528301887,78.7301587301588
"gdp","Real GDP",37,"1892-1893","expansion",1892,1893,"1892-12-31","1893-12-31",1,0.399193548387097,0.399193548387095,467.924528301887,654.716981132075,139.91935483871
"gdp","Real GDP",38,"1893-1894","contraction",1893,1894,"1893-12-31","1894-12-31",1,-0.135446685878963,-0.135446685878961,654.716981132075,566.037735849057,86.4553314121039
"gdp","Real GDP",39,"1894-1895","expansion",1894,1895,"1894-12-31","1895-12-31",1,0.246666666666667,0.246666666666665,566.037735849057,705.66037735849,124.666666666666
"gdp","Real GDP",40,"1895-1897","contraction",1895,1897,"1895-12-31","1897-12-31",2,-0.125884077971364,-0.237967914438502,705.66037735849,537.735849056604,76.2032085561498
"gdp","Real GDP",41,"1897-1898","expansion",1897,1898,"1897-12-31","1898-12-31",1,0.129824561403509,0.129824561403507,537.735849056604,607.54716981132,112.982456140351
"gdp","Real GDP",42,"1898-1901","contraction",1898,1901,"1898-12-31","1901-12-31",3,-0.017834178364254,-0.0527950310559003,607.54716981132,575.471698113207,94.72049689441
"gdp","Real GDP",43,"1901-1903","expansion",1901,1903,"1901-12-31","1903-12-31",2,0.0849249456843768,0.177049180327869,575.471698113207,677.358490566037,117.704918032787
"gdp","Real GDP",44,"1903-1906","contraction",1903,1906,"1903-12-31","1906-12-31",3,-0.0343240659169621,-0.100278551532032,677.358490566037,609.433962264151,89.9721448467968
"gdp","Real GDP",45,"1906-1913","expansion",1906,1913,"1906-12-31","1913-12-31",7,0.056327338700022,0.458204334365323,609.433962264151,888.679245283018,145.820433436532
"gdp","Real GDP",46,"1913-1914","contraction",1913,1914,"1913-12-31","1914-12-31",1,-0.125265392781316,-0.125265392781316,888.679245283018,777.358490566037,87.4734607218684
"gdp","Real GDP",47,"1914-1915","expansion",1914,1915,"1914-12-31","1915-12-31",1,0.0315533980582525,0.0315533980582532,777.358490566037,801.88679245283,103.155339805825
"gdp","Real GDP",48,"1915-1916","contraction",1915,1916,"1915-12-31","1916-12-31",1,-0.0564705882352942,-0.0564705882352948,801.88679245283,756.603773584905,94.3529411764705
"gdp","Real GDP",49,"1916-1917","expansion",1916,1917,"1916-12-31","1917-12-31",1,0.167082294264339,0.16708229426434,756.603773584905,883.018867924528,116.708229426434
"gdp","Real GDP",50,"1917-1919","contraction",1917,1919,"1917-12-31","1919-12-31",2,-0.0366010904804008,-0.0726495726495733,883.018867924528,818.867924528301,92.7350427350427
"gdp","Real GDP",51,"1919-1929","expansion",1919,1929,"1919-12-31","1929-12-31",10,0.154999567214999,3.13182088331706,818.867924528301,3383.41559124453,413.182088331706
"gdp","Real GDP",52,"1929-1932","contraction",1929,1932,"1929-12-31","1932-12-31",3,-0.0566547091529425,-0.162494993974081,3383.41559124453,2833.62749513344,83.750500602592
"gdp","Real GDP",53,"1932-1935","expansion",1932,1935,"1932-12-31","1935-12-31",3,0.158983782268666,0.534401348622911,2833.62749513344,4347.92185002771,153.440134862291
"gdp","Real GDP",54,"1935-1936","contraction",1935,1936,"1935-12-31","1936-12-31",1,-0.00402711248019383,-0.00402711248019516,4347.92185002771,4330.41227968255,99.5972887519805
"gdp","Real GDP",55,"1936-1939","expansion",1936,1939,"1936-12-31","1939-12-31",3,0.0892275544042806,0.288952637497483,4330.41227968255,5581.69632934831,128.895263749748
"gdp","Real GDP",56,"1939-1940","contraction",1939,1940,"1939-12-31","1940-12-31",1,-0.049600027643988,-0.0496000276439876,5581.69632934831,5304.84403711229,95.0399972356012
"gdp","Real GDP",57,"1940-1941","expansion",1940,1941,"1940-12-31","1941-12-31",1,0.0919577217702878,0.0919577217702874,5304.84403711229,5792.66540911183,109.195772177029
"gdp","Real GDP",58,"1941-1942","contraction",1941,1942,"1941-12-31","1942-12-31",1,-0.210116665766829,-0.210116665766829,5792.66540911183,4575.52986744641,78.9883334233171
"gdp","Real GDP",59,"1942-1949","expansion",1942,1949,"1942-12-31","1949-12-31",7,0.15280754843928,1.6504131926391,4575.52986744641,12127.0447239942,265.04131926391
"gdp","Real GDP",60,"1949-1950","contraction",1949,1950,"1949-12-31","1950-12-31",1,-0.00523535910600659,-0.0052353591060057,12127.0447239942,12063.5552899695,99.4764640893994
"gdp","Real GDP",61,"1950-1979","expansion",1950,1979,"1950-12-31","1979-12-31",29,0.0629718455960976,4.81351091941355,12063.5552899695,70131.6104051868,581.351091941355
"gdp","Real GDP",62,"1979-1981","contraction",1979,1981,"1979-12-31","1981-12-31",2,-0.0114517933213624,-0.0228435578066039,70131.6104051868,68529.5549088257,97.7156442193396
"gdp","Real GDP",63,"1981-1982","expansion",1981,1982,"1981-12-31","1982-12-31",1,0.00682286983656955,0.00682286983656866,68529.5549088257,68997.1231419266,100.682286983657
"gdp","Real GDP",64,"1982-1984","contraction",1982,1984,"1982-12-31","1984-12-31",2,-0.0348543934373262,-0.0689483084681647,68997.1231419266,64239.8882121211,93.1051691531835
"gdp","Real GDP",65,"1984-1988","expansion",1984,1988,"1984-12-31","1988-12-31",4,0.0402666587587027,0.169732807709152,64239.8882121211,75143.5048052865,116.973280770915
"gdp","Real GDP",66,"1988-1989","contraction",1988,1989,"1988-12-31","1989-12-31",1,-0.0856988188175155,-0.0856988188175148,75143.5048052865,68703.7952016652,91.4301181182485
"gdp","Real GDP",67,"1989-1993","expansion",1989,1993,"1989-12-31","1993-12-31",4,0.0563342250839967,0.242486566858537,68703.7952016652,85363.542630269,124.248656685854
"gdp","Real GDP",68,"1993-1994","contraction",1993,1994,"1993-12-31","1994-12-31",1,-0.0234950788424259,-0.0234950788424253,85363.542630269,83357.9194659021,97.6504921157575
"gdp","Real GDP",69,"1994-1995","expansion",1994,1995,"1994-12-31","1995-12-31",1,0.0395166276209111,0.0395166276209118,83357.9194659021,86651.9433286901,103.951662762091
"gdp","Real GDP",70,"1995-1996","contraction",1995,1996,"1995-12-31","1996-12-31",1,-0.00197837378028209,-0.00197837378028243,86651.9433286901,86480.5133959981,99.8021626219718
"gdp","Real GDP",71,"1996-1998","expansion",1996,1998,"1996-12-31","1998-12-31",2,0.0333249334012792,0.0668372073316272,86480.5133959981,92260.629399992,106.683720733163
"gdp","Real GDP",72,"1998-1999","contraction",1998,1999,"1998-12-31","1999-12-31",1,-0.000597045814640996,-0.000597045814640818,92260.629399992,92205.5455773526,99.9402954185359
"gdp","Real GDP",73,"1999-2001","expansion",1999,2001,"1999-12-31","2001-12-31",2,0.0354059013733376,0.0720632386485378,92205.5455773526,98850.175813012,107.206323864854
"gdp","Real GDP",74,"2001-2003","contraction",2001,2003,"2001-12-31","2003-12-31",2,-0.083054737012333,-0.159241653789174,98850.175813012,83109.1103391974,84.0758346210826
"gdp","Real GDP",75,"2003-2008","expansion",2003,2008,"2003-12-31","2008-12-31",5,0.101013315113651,0.610326412953483,83109.1103391974,133832.795536275,161.032641295348
"gdp","Real GDP",76,"2008-2010","contraction",2008,2010,"2008-12-31","2010-12-31",2,-0.0237893335644108,-0.0473075180007946,133832.795536275,127501.498152346,95.2692481999205
"gdp","Real GDP",77,"2010-2013","expansion",2010,2013,"2010-12-31","2013-12-31",3,0.0234998540922509,0.0717126181275916,127501.498152346,136644.964400041,107.171261812759
"gdp","Real GDP",78,"2013-2020","contraction",2013,2020,"2013-12-31","2020-12-31",7,-0.173091131990936,-0.75122545061103,136644.964400041,33993.7894448921,24.877454938897
"gdp","Real GDP",79,"2020-2022","expansion",2020,2022,"2020-12-31","2022-12-31",2,0.0426745570429494,0.0861736604709971,33993.7894448921,36923.1587146388,108.6173660471
"gdp","Real GDP",80,"2022-2023","contraction",2022,2023,"2022-12-31","2023-12-31",1,-0.00645454251743061,-0.00645454251743116,36923.1587146388,36684.8366168373,99.3545457482569
"gdp","Real GDP",81,"2023-2025","expansion",2023,2025,"2023-12-31","2025-12-31",2,0.027,0.0543289999999983,36684.8366168373,38677.8871053934,105.4329
"gdp_per_capita","Real GDP per capita",1,"1830-1831","expansion",1830,1831,"1830-12-31","1831-12-31",1,0.174549162490242,0.17454916249024,100,117.454916249024,117.454916249024
"gdp_per_capita","Real GDP per capita",2,"1831-1834","contraction",1831,1834,"1831-12-31","1834-12-31",3,-0.0254499965107295,-0.0749166639762353,117.454916249024,108.655585756039,92.5083336023765
"gdp_per_capita","Real GDP per capita",3,"1834-1836","expansion",1834,1836,"1834-12-31","1836-12-31",2,0.176254362127886,0.357057495436941,108.655585756039,147.451877071324,135.705749543694
"gdp_per_capita","Real GDP per capita",4,"1836-1838","contraction",1836,1838,"1836-12-31","1838-12-31",2,-0.0573936900078333,-0.111523472717066,147.451877071324,131.00753168168,88.8476527282934
"gdp_per_capita","Real GDP per capita",5,"1838-1839","expansion",1838,1839,"1838-12-31","1839-12-31",1,0.159481836825306,0.1594818368253,131.00753168168,151.900853472223,115.94818368253
"gdp_per_capita","Real GDP per capita",6,"1839-1840","contraction",1839,1840,"1839-12-31","1840-12-31",1,-0.0310521902804226,-0.0310521902804222,151.900853472223,147.183999266445,96.8947809719578
"gdp_per_capita","Real GDP per capita",7,"1840-1842","expansion",1840,1842,"1840-12-31","1842-12-31",2,0.113357045193403,0.238132521744343,147.183999266445,182.233296172181,123.813252174434
"gdp_per_capita","Real GDP per capita",8,"1842-1843","contraction",1842,1843,"1842-12-31","1843-12-31",1,-0.185859151430987,-0.185859151430991,182.233296172181,148.363570383147,81.4140848569009
"gdp_per_capita","Real GDP per capita",9,"1843-1846","expansion",1843,1846,"1843-12-31","1846-12-31",3,0.0647427390888633,0.206092114136196,148.363570383147,178.940132264204,120.60921141362
"gdp_per_capita","Real GDP per capita",10,"1846-1847","contraction",1846,1847,"1846-12-31","1847-12-31",1,-0.219709139526066,-0.219709139526068,178.940132264204,139.625349777755,78.0290860473932
"gdp_per_capita","Real GDP per capita",11,"1847-1848","expansion",1847,1848,"1847-12-31","1848-12-31",1,0.0659227355362448,0.0659227355362475,139.625349777755,148.82983478531,106.592273553625
"gdp_per_capita","Real GDP per capita",12,"1848-1849","contraction",1848,1849,"1848-12-31","1849-12-31",1,-0.0260391561413245,-0.0260391561413231,148.82983478531,144.954431478848,97.3960843858677
"gdp_per_capita","Real GDP per capita",13,"1849-1851","expansion",1849,1851,"1849-12-31","1851-12-31",2,0.128131701421207,0.256930872080317,144.954431478848,182.197699970615,125.693087208032
"gdp_per_capita","Real GDP per capita",14,"1851-1852","contraction",1851,1852,"1851-12-31","1852-12-31",1,-0.195770356647874,-0.195770356647876,182.197699970615,146.528791266945,80.4229643352124
"gdp_per_capita","Real GDP per capita",15,"1852-1855","expansion",1852,1855,"1852-12-31","1855-12-31",3,0.120083895510536,0.395234482522292,146.528791266945,204.442022257953,139.523448252229
"gdp_per_capita","Real GDP per capita",16,"1855-1857","contraction",1855,1857,"1855-12-31","1857-12-31",2,-0.128156934600426,-0.239938061652679,204.442022257953,155.388599717026,76.0061938347321
"gdp_per_capita","Real GDP per capita",17,"1857-1858","expansion",1857,1858,"1857-12-31","1858-12-31",1,0.229228754014678,0.229228754014682,155.388599717026,191.008134818246,122.922875401468
"gdp_per_capita","Real GDP per capita",18,"1858-1859","contraction",1858,1859,"1858-12-31","1859-12-31",1,-0.245898561522116,-0.245898561522116,191.008134818246,144.039509227417,75.4101438477884
"gdp_per_capita","Real GDP per capita",19,"1859-1861","expansion",1859,1861,"1859-12-31","1861-12-31",2,0.158285396093556,0.339107277184284,144.039509227417,192.884355008487,133.910727718428
"gdp_per_capita","Real GDP per capita",20,"1861-1862","contraction",1861,1862,"1861-12-31","1862-12-31",1,-0.155261569308185,-0.155261569308186,192.884355008487,162.936827354872,84.4738430691814
"gdp_per_capita","Real GDP per capita",21,"1862-1863","expansion",1862,1863,"1862-12-31","1863-12-31",1,0.00294108803889248,0.00294108803888937,162.936827354872,163.4160389089,100.294108803889
"gdp_per_capita","Real GDP per capita",22,"1863-1864","contraction",1863,1864,"1863-12-31","1864-12-31",1,-0.0039255187745888,-0.00392551877458369,163.4160389089,162.774546180095,99.6074481225416
"gdp_per_capita","Real GDP per capita",23,"1864-1865","expansion",1864,1865,"1864-12-31","1865-12-31",1,0.13547469407272,0.135474694072719,162.774546180095,184.826378026669,113.547469407272
"gdp_per_capita","Real GDP per capita",24,"1865-1868","contraction",1865,1868,"1865-12-31","1868-12-31",3,-0.120618753908476,-0.320338888247699,184.826378026669,125.619301570757,67.9661111752302
"gdp_per_capita","Real GDP per capita",25,"1868-1870","expansion",1868,1870,"1868-12-31","1870-12-31",2,0.065968831830387,0.134356583745702,125.619301570757,142.497081782325,113.43565837457
"gdp_per_capita","Real GDP per capita",26,"1870-1871","contraction",1870,1871,"1870-12-31","1871-12-31",1,-0.125918729397704,-0.125918729397704,142.497081782325,124.554030301414,87.4081270602296
"gdp_per_capita","Real GDP per capita",27,"1871-1874","expansion",1871,1874,"1871-12-31","1874-12-31",3,0.157530160144891,0.541137111143603,124.554030301414,191.954838440014,154.11371111436
"gdp_per_capita","Real GDP per capita",28,"1874-1875","contraction",1874,1875,"1874-12-31","1875-12-31",1,-0.0615947936451713,-0.0615947936451667,191.954838440014,180.13141977711,93.8405206354833
"gdp_per_capita","Real GDP per capita",29,"1875-1876","expansion",1875,1876,"1875-12-31","1876-12-31",1,0.105819154124152,0.10581915412415,180.13141977711,199.192774249106,110.581915412415
"gdp_per_capita","Real GDP per capita",30,"1876-1879","contraction",1876,1879,"1876-12-31","1879-12-31",3,-0.0933075039983318,-0.259773278917532,199.192774249106,147.447814145736,74.0226721082468
"gdp_per_capita","Real GDP per capita",31,"1879-1882","expansion",1879,1882,"1879-12-31","1882-12-31",3,0.182071906584749,0.650287393402148,147.447814145736,243.331268869411,165.028739340215
"gdp_per_capita","Real GDP per capita",32,"1882-1883","contraction",1882,1883,"1882-12-31","1883-12-31",1,-0.154234691303364,-0.154234691303366,243.331268869411,205.801145730881,84.5765308696634
"gdp_per_capita","Real GDP per capita",33,"1883-1885","expansion",1883,1885,"1883-12-31","1885-12-31",2,0.0427907625580179,0.0872023032252396,205.801145730881,223.747479645007,108.720230322524
"gdp_per_capita","Real GDP per capita",34,"1885-1886","contraction",1885,1886,"1885-12-31","1886-12-31",1,-0.0640270686678912,-0.0640270686678936,223.747479645007,209.421584401508,93.5972931332106
"gdp_per_capita","Real GDP per capita",35,"1886-1888","expansion",1886,1888,"1886-12-31","1888-12-31",2,0.0607595688308957,0.123941288099232,209.421584401508,235.377565328013,112.394128809923
"gdp_per_capita","Real GDP per capita",36,"1888-1889","contraction",1888,1889,"1888-12-31","1889-12-31",1,-0.0406425434755879,-0.0406425434755887,235.377565328013,225.811222395991,95.9357456524411
"gdp_per_capita","Real GDP per capita",37,"1889-1890","expansion",1889,1890,"1889-12-31","1890-12-31",1,0.0553134148387011,0.0553134148386982,225.811222395991,238.301612215614,105.53134148387
"gdp_per_capita","Real GDP per capita",38,"1890-1892","contraction",1890,1892,"1890-12-31","1892-12-31",2,-0.124398537276642,-0.233716235211756,238.301612215614,182.606656563689,76.6283764788244
"gdp_per_capita","Real GDP per capita",39,"1892-1893","expansion",1892,1893,"1892-12-31","1893-12-31",1,0.381658014274499,0.381658014274505,182.606656563689,252.299950501093,138.16580142745
"gdp_per_capita","Real GDP per capita",40,"1893-1894","contraction",1893,1894,"1893-12-31","1894-12-31",1,-0.147239387205329,-0.14723938720533,252.299950501093,215.151460397377,85.276061279467
"gdp_per_capita","Real GDP per capita",41,"1894-1895","expansion",1894,1895,"1894-12-31","1895-12-31",1,0.231443983136971,0.23144398313697,215.151460397377,264.946971369482,123.144398313697
"gdp_per_capita","Real GDP per capita",42,"1895-1897","contraction",1895,1897,"1895-12-31","1897-12-31",2,-0.137963671926017,-0.258875261544229,264.946971369482,196.358754860856,74.1124738455771
"gdp_per_capita","Real GDP per capita",43,"1897-1898","expansion",1897,1898,"1897-12-31","1898-12-31",1,0.114760319117095,0.114760319117094,196.358754860856,218.892948230123,111.476031911709
"gdp_per_capita","Real GDP per capita",44,"1898-1901","contraction",1898,1901,"1898-12-31","1901-12-31",3,-0.0308447506992839,-0.0899328052317995,218.892948230123,199.207291350329,91.0067194768201
"gdp_per_capita","Real GDP per capita",45,"1901-1903","expansion",1901,1903,"1901-12-31","1903-12-31",2,0.0710857575810993,0.147211226237526,199.207291350329,228.532840985467,114.721122623753
"gdp_per_capita","Real GDP per capita",46,"1903-1907","contraction",1903,1907,"1903-12-31","1907-12-31",4,-0.0345794349706919,-0.132446518592857,228.532840985467,198.264461812807,86.7553481407143
"gdp_per_capita","Real GDP per capita",47,"1907-1913","expansion",1907,1913,"1907-12-31","1913-12-31",6,0.0573548371842554,0.390722973144353,198.264461812807,275.730941801172,139.072297314435
"gdp_per_capita","Real GDP per capita",48,"1913-1914","contraction",1913,1914,"1913-12-31","1914-12-31",1,-0.132808835139393,-0.132808835139391,275.730941801172,239.111436608671,86.7191164860609
"gdp_per_capita","Real GDP per capita",49,"1914-1915","expansion",1914,1915,"1914-12-31","1915-12-31",1,0.0248366264137494,0.0248366264137474,239.111436608671,245.050158030975,102.483662641375
"gdp_per_capita","Real GDP per capita",50,"1915-1916","contraction",1915,1916,"1915-12-31","1916-12-31",1,-0.0600141471614423,-0.0600141471614398,245.050158030975,230.34368178497,93.998585283856
"gdp_per_capita","Real GDP per capita",51,"1916-1917","expansion",1916,1917,"1916-12-31","1917-12-31",1,0.161136021388403,0.161136021388401,230.34368178497,267.460346219756,116.11360213884
"gdp_per_capita","Real GDP per capita",52,"1917-1919","contraction",1917,1919,"1917-12-31","1919-12-31",2,-0.0413068400758961,-0.0816952052011141,267.460346219756,245.610118352172,91.8304794798886
"gdp_per_capita","Real GDP per capita",53,"1919-1929","expansion",1919,1929,"1919-12-31","1929-12-31",10,0.144320183708414,2.76951819151744,245.610118352172,925.831809149263,376.951819151744
"gdp_per_capita","Real GDP per capita",54,"1929-1932","contraction",1929,1932,"1929-12-31","1932-12-31",3,-0.0669954624446233,-0.189641728539024,925.831809149263,750.255464525785,81.0358271460976
"gdp_per_capita","Real GDP per capita",55,"1932-1935","expansion",1932,1935,"1932-12-31","1935-12-31",3,0.148084662681883,0.491644825474494,750.255464525785,1119.11468144385,149.164482547449
"gdp_per_capita","Real GDP per capita",56,"1935-1936","contraction",1935,1936,"1935-12-31","1936-12-31",1,-0.0166909665251556,-0.0166909665251561,1119.11468144385,1100.43557575806,98.3309033474844
"gdp_per_capita","Real GDP per capita",57,"1936-1939","expansion",1936,1939,"1936-12-31","1939-12-31",3,0.0703848723245965,0.222946746132824,1100.43557575806,1345.77410670212,122.294674613282
"gdp_per_capita","Real GDP per capita",58,"1939-1940","contraction",1939,1940,"1939-12-31","1940-12-31",1,-0.070884297040598,-0.0708842970405992,1345.77410670212,1250.3798551731,92.9115702959401
"gdp_per_capita","Real GDP per capita",59,"1940-1941","expansion",1940,1941,"1940-12-31","1941-12-31",1,0.0710434206797528,0.0710434206797521,1250.3798551731,1339.21111723365,107.104342067975
"gdp_per_capita","Real GDP per capita",60,"1941-1942","contraction",1941,1942,"1941-12-31","1942-12-31",1,-0.225527749404567,-0.225527749404566,1339.21111723365,1037.18184798637,77.4472250595434
"gdp_per_capita","Real GDP per capita",61,"1942-1948","expansion",1942,1948,"1942-12-31","1948-12-31",6,0.144254911261783,1.2165401808477,1037.18184798637,2298.95524090766,221.65401808477
"gdp_per_capita","Real GDP per capita",62,"1948-1950","contraction",1948,1950,"1948-12-31","1950-12-31",2,-0.0333422684823906,-0.0656954226896305,2298.95524090766,2147.92440461169,93.430457731037
"gdp_per_capita","Real GDP per capita",63,"1950-1957","expansion",1950,1957,"1950-12-31","1957-12-31",7,0.0502010214010418,0.407350864597164,2147.92440461169,3022.88326791961,140.735086459716
"gdp_per_capita","Real GDP per capita",64,"1957-1958","contraction",1957,1958,"1957-12-31","1958-12-31",1,-0.026583349737606,-0.0265833497376046,3022.88326791961,2942.52490479255,97.3416650262395
"gdp_per_capita","Real GDP per capita",65,"1958-1965","expansion",1958,1965,"1958-12-31","1965-12-31",7,0.0307246956775159,0.234427979182556,2942.52490479255,3632.33507191741,123.442797918256
"gdp_per_capita","Real GDP per capita",66,"1965-1966","contraction",1965,1966,"1965-12-31","1966-12-31",1,-0.0107358845701276,-0.01073588457013,3632.33507191741,3593.33874186527,98.926411542987
"gdp_per_capita","Real GDP per capita",67,"1966-1970","expansion",1966,1970,"1966-12-31","1970-12-31",4,0.0180725745713757,0.0738953738215715,3593.33874186527,3858.86985146294,107.389537382157
"gdp_per_capita","Real GDP per capita",68,"1970-1972","contraction",1970,1972,"1970-12-31","1972-12-31",2,-0.00430195263588207,-0.00858582960147758,3858.86985146294,3825.738252464,99.1414170398522
"gdp_per_capita","Real GDP per capita",69,"1972-1977","expansion",1972,1977,"1972-12-31","1977-12-31",5,0.0305817523268525,0.162278069261794,3825.738252464,4446.57166957485,116.227806926179
"gdp_per_capita","Real GDP per capita",70,"1977-1985","contraction",1977,1985,"1977-12-31","1985-12-31",8,-0.0345907850633105,-0.246708124123997,4446.57166957485,3349.56631419113,75.3291875876003
"gdp_per_capita","Real GDP per capita",71,"1985-1988","expansion",1985,1988,"1985-12-31","1988-12-31",3,0.0257505318701803,0.0790237383724646,3349.56631419113,3614.26156626499,107.902373837246
"gdp_per_capita","Real GDP per capita",72,"1988-1989","contraction",1988,1989,"1988-12-31","1989-12-31",1,-0.108903108176657,-0.108903108176657,3614.26156626499,3220.6572479353,89.1096891823343
"gdp_per_capita","Real GDP per capita",73,"1989-1992","expansion",1989,1992,"1989-12-31","1992-12-31",3,0.0487951667240143,0.153241669888464,3220.6572479353,3714.19614274729,115.324166988846
"gdp_per_capita","Real GDP per capita",74,"1992-1994","contraction",1992,1994,"1992-12-31","1994-12-31",2,-0.0322847394420993,-0.0636852920781502,3714.19614274729,3477.65647656089,93.631470792185
"gdp_per_capita","Real GDP per capita",75,"1994-1995","expansion",1994,1995,"1994-12-31","1995-12-31",1,0.0172901120142841,0.0172901120142845,3477.65647656089,3537.78554658783,101.729011201428
"gdp_per_capita","Real GDP per capita",76,"1995-1996","contraction",1995,1996,"1995-12-31","1996-12-31",1,-0.0228502725204724,-0.0228502725204724,3537.78554658783,3456.94618272931,97.7149727479528
"gdp_per_capita","Real GDP per capita",77,"1996-1997","expansion",1996,1997,"1996-12-31","1997-12-31",1,0.041629761205229,0.0416297612052294,3456.94618272931,3600.85802681566,104.162976120523
"gdp_per_capita","Real GDP per capita",78,"1997-1999","contraction",1997,1999,"1997-12-31","1999-12-31",2,-0.0185899416537756,-0.036836765296276,3600.85802681566,3468.21406481664,96.3163234703724
"gdp_per_capita","Real GDP per capita",79,"1999-2001","expansion",1999,2001,"1999-12-31","2001-12-31",2,0.0131175661926748,0.0264038096872004,3468.21406481664,3559.78812893853,102.64038096872
"gdp_per_capita","Real GDP per capita",80,"2001-2003","contraction",2001,2003,"2001-12-31","2003-12-31",2,-0.0994140361598725,-0.188975855520166,3559.78812893853,2887.07412180184,81.1024144479834
"gdp_per_capita","Real GDP per capita",81,"2003-2008","expansion",2003,2008,"2003-12-31","2008-12-31",5,0.0825628822621491,0.479975544441564,2887.07412180184,4272.79909525683,147.997554444156
"gdp_per_capita","Real GDP per capita",82,"2008-2010","contraction",2008,2010,"2008-12-31","2010-12-31",2,-0.0390790337878754,-0.0769220130175495,4272.79909525683,3944.12678763011,92.3077986982451
"gdp_per_capita","Real GDP per capita",83,"2010-2012","expansion",2010,2012,"2010-12-31","2012-12-31",2,0.0194443936731052,0.0392088747012265,3944.12678763011,4098.77156065205,103.920887470123
"gdp_per_capita","Real GDP per capita",84,"2012-2020","contraction",2012,2020,"2012-12-31","2020-12-31",8,-0.148265264552869,-0.740142005551907,4098.77156065205,1065.09855745192,25.9857994448093
"gdp_per_capita","Real GDP per capita",85,"2020-2022","expansion",2020,2022,"2020-12-31","2022-12-31",2,0.0468395143321833,0.0950693355150949,1065.09855745192,1166.35676956696,109.506933551509
"gdp_per_capita","Real GDP per capita",86,"2022-2023","contraction",2022,2023,"2022-12-31","2023-12-31",1,-0.00953842933745186,-0.00953842933744931,1166.35676956696,1155.23155793819,99.0461570662551
"gdp_per_capita","Real GDP per capita",87,"2023-2025","expansion",2023,2025,"2023-12-31","2025-12-31",2,0.0234808751368618,0.0470964105215701,1155.23155793819,1209.63881763832,104.709641052157
