"series_id","series_label","episode_id","episode_label","phase","year","date","growth_rate","index_value","episode_year_number","episode_index_100","overlap_flag"
"gdp","Real GDP",1,"1830-1831","expansion",1830,"1830-12-31",NA,100,0,100,0
"gdp","Real GDP",1,"1830-1831","expansion",1831,"1831-12-31",0.207547169811321,120.754716981132,1,120.754716981132,0
"gdp","Real GDP",2,"1831-1832","contraction",1831,"1831-12-31",NA,120.754716981132,0,100,1
"gdp","Real GDP",2,"1831-1832","contraction",1832,"1832-12-31",-0.015625,118.867924528302,1,98.4375000000001,1
"gdp","Real GDP",3,"1832-1836","expansion",1832,"1832-12-31",NA,118.867924528302,0,100,1
"gdp","Real GDP",3,"1832-1836","expansion",1833,"1833-12-31",0,118.867924528302,1,100,1
"gdp","Real GDP",3,"1832-1836","expansion",1834,"1834-12-31",0.0317460317460319,122.641509433962,2,103.174603174603,1
"gdp","Real GDP",3,"1832-1836","expansion",1835,"1835-12-31",0.0461538461538462,128.301886792453,3,107.936507936508,1
"gdp","Real GDP",3,"1832-1836","expansion",1836,"1836-12-31",0.382352941176471,177.358490566038,4,149.206349206349,1
"gdp","Real GDP",4,"1836-1838","contraction",1836,"1836-12-31",NA,177.358490566038,0,100,1
"gdp","Real GDP",4,"1836-1838","contraction",1837,"1837-12-31",-0.0212765957446809,173.584905660377,1,97.8723404255316,1
"gdp","Real GDP",4,"1836-1838","contraction",1838,"1838-12-31",-0.0326086956521739,167.924528301887,2,94.6808510638298,1
"gdp","Real GDP",5,"1838-1839","expansion",1838,"1838-12-31",NA,167.924528301887,0,100,1
"gdp","Real GDP",5,"1838-1839","expansion",1839,"1839-12-31",0.191011235955056,200,1,119.101123595505,1
"gdp","Real GDP",6,"1839-1840","contraction",1839,"1839-12-31",NA,200,0,100,1
"gdp","Real GDP",6,"1839-1840","contraction",1840,"1840-12-31",-0.00943396226415094,198.11320754717,1,99.056603773585,1
"gdp","Real GDP",7,"1840-1842","expansion",1840,"1840-12-31",NA,198.11320754717,0,100,1
"gdp","Real GDP",7,"1840-1842","expansion",1841,"1841-12-31",0.171428571428571,232.075471698113,1,117.142857142857,1
"gdp","Real GDP",7,"1840-1842","expansion",1842,"1842-12-31",0.089430894308943,252.830188679245,2,127.619047619047,1
"gdp","Real GDP",8,"1842-1843","contraction",1842,"1842-12-31",NA,252.830188679245,0,100,1
"gdp","Real GDP",8,"1842-1843","contraction",1843,"1843-12-31",-0.17910447761194,207.547169811321,1,82.0895522388062,1
"gdp","Real GDP",9,"1843-1846","expansion",1843,"1843-12-31",NA,207.547169811321,0,100,1
"gdp","Real GDP",9,"1843-1846","expansion",1844,"1844-12-31",0.109090909090909,230.188679245283,1,110.909090909091,1
"gdp","Real GDP",9,"1843-1846","expansion",1845,"1845-12-31",0.0573770491803278,243.396226415094,2,117.272727272727,1
"gdp","Real GDP",9,"1843-1846","expansion",1846,"1846-12-31",0.054263565891473,256.603773584906,3,123.636363636364,1
"gdp","Real GDP",10,"1846-1847","contraction",1846,"1846-12-31",NA,256.603773584906,0,100,1
"gdp","Real GDP",10,"1846-1847","contraction",1847,"1847-12-31",-0.213235294117647,201.88679245283,1,78.6764705882351,1
"gdp","Real GDP",11,"1847-1848","expansion",1847,"1847-12-31",NA,201.88679245283,0,100,1
"gdp","Real GDP",11,"1847-1848","expansion",1848,"1848-12-31",0.0747663551401869,216.981132075472,1,107.476635514019,1
"gdp","Real GDP",12,"1848-1849","contraction",1848,"1848-12-31",NA,216.981132075472,0,100,1
"gdp","Real GDP",12,"1848-1849","contraction",1849,"1849-12-31",-0.0173913043478261,213.207547169811,1,98.2608695652171,1
"gdp","Real GDP",13,"1849-1851","expansion",1849,"1849-12-31",NA,213.207547169811,0,100,1
"gdp","Real GDP",13,"1849-1851","expansion",1850,"1850-12-31",0.265486725663717,269.811320754717,1,126.548672566372,1
"gdp","Real GDP",13,"1849-1851","expansion",1851,"1851-12-31",0.013986013986014,273.584905660377,2,128.318584070796,1
"gdp","Real GDP",14,"1851-1852","contraction",1851,"1851-12-31",NA,273.584905660377,0,100,1
"gdp","Real GDP",14,"1851-1852","contraction",1852,"1852-12-31",-0.186206896551724,222.641509433962,1,81.3793103448276,1
"gdp","Real GDP",15,"1852-1855","expansion",1852,"1852-12-31",NA,222.641509433962,0,100,1
"gdp","Real GDP",15,"1852-1855","expansion",1853,"1853-12-31",0.23728813559322,275.471698113207,1,123.728813559322,1
"gdp","Real GDP",15,"1852-1855","expansion",1854,"1854-12-31",0.047945205479452,288.679245283019,2,129.661016949153,1
"gdp","Real GDP",15,"1852-1855","expansion",1855,"1855-12-31",0.111111111111111,320.754716981132,3,144.06779661017,1
"gdp","Real GDP",16,"1855-1857","contraction",1855,"1855-12-31",NA,320.754716981132,0,100,1
"gdp","Real GDP",16,"1855-1857","contraction",1856,"1856-12-31",-0.111764705882353,284.905660377358,1,88.8235294117646,1
"gdp","Real GDP",16,"1855-1857","contraction",1857,"1857-12-31",-0.125827814569536,249.056603773585,2,77.6470588235295,1
"gdp","Real GDP",17,"1857-1858","expansion",1857,"1857-12-31",NA,249.056603773585,0,100,1
"gdp","Real GDP",17,"1857-1858","expansion",1858,"1858-12-31",0.242424242424242,309.433962264151,1,124.242424242424,1
"gdp","Real GDP",18,"1858-1859","contraction",1858,"1858-12-31",NA,309.433962264151,0,100,1
"gdp","Real GDP",18,"1858-1859","contraction",1859,"1859-12-31",-0.237804878048781,235.849056603774,1,76.2195121951221,1
"gdp","Real GDP",19,"1859-1861","expansion",1859,"1859-12-31",NA,235.849056603774,0,100,1
"gdp","Real GDP",19,"1859-1861","expansion",1860,"1860-12-31",0.12,264.150943396226,1,112,1
"gdp","Real GDP",19,"1859-1861","expansion",1861,"1861-12-31",0.221428571428572,322.641509433962,2,136.8,1
"gdp","Real GDP",20,"1861-1862","contraction",1861,"1861-12-31",NA,322.641509433962,0,100,1
"gdp","Real GDP",20,"1861-1862","contraction",1862,"1862-12-31",-0.146198830409357,275.471698113208,1,85.3801169590645,1
"gdp","Real GDP",21,"1862-1865","expansion",1862,"1862-12-31",NA,275.471698113208,0,100,1
"gdp","Real GDP",21,"1862-1865","expansion",1863,"1863-12-31",0.0136986301369864,279.245283018868,1,101.369863013699,1
"gdp","Real GDP",21,"1862-1865","expansion",1864,"1864-12-31",0.0067567567567568,281.132075471698,2,102.054794520548,1
"gdp","Real GDP",21,"1862-1865","expansion",1865,"1865-12-31",0.147651006711409,322.641509433962,3,117.123287671233,1
"gdp","Real GDP",22,"1865-1868","contraction",1865,"1865-12-31",NA,322.641509433962,0,100,1
"gdp","Real GDP",22,"1865-1868","contraction",1866,"1866-12-31",-0.134502923976608,279.245283018868,1,86.5497076023393,1
"gdp","Real GDP",22,"1865-1868","contraction",1867,"1867-12-31",-0.0945945945945946,252.830188679245,2,78.3625730994152,1
"gdp","Real GDP",22,"1865-1868","contraction",1868,"1868-12-31",-0.104477611940298,226.415094339623,3,70.1754385964914,1
"gdp","Real GDP",23,"1868-1870","expansion",1868,"1868-12-31",NA,226.415094339623,0,100,1
"gdp","Real GDP",23,"1868-1870","expansion",1869,"1869-12-31",0.125,254.716981132076,1,112.5,1
"gdp","Real GDP",23,"1868-1870","expansion",1870,"1870-12-31",0.037037037037037,264.150943396226,2,116.666666666666,1
"gdp","Real GDP",24,"1870-1871","contraction",1870,"1870-12-31",NA,264.150943396226,0,100,1
"gdp","Real GDP",24,"1870-1871","contraction",1871,"1871-12-31",-0.114285714285714,233.962264150943,1,88.5714285714286,1
"gdp","Real GDP",25,"1871-1874","expansion",1871,"1871-12-31",NA,233.962264150943,0,100,1
"gdp","Real GDP",25,"1871-1874","expansion",1872,"1872-12-31",0.193548387096774,279.245283018868,1,119.354838709678,1
"gdp","Real GDP",25,"1871-1874","expansion",1873,"1873-12-31",0.0743243243243243,300,2,128.225806451613,1
"gdp","Real GDP",25,"1871-1874","expansion",1874,"1874-12-31",0.257861635220126,377.358490566038,3,161.290322580646,1
"gdp","Real GDP",26,"1874-1875","contraction",1874,"1874-12-31",NA,377.358490566038,0,100,1
"gdp","Real GDP",26,"1874-1875","contraction",1875,"1875-12-31",-0.045,360.377358490566,1,95.4999999999999,1
"gdp","Real GDP",27,"1875-1876","expansion",1875,"1875-12-31",NA,360.377358490566,0,100,1
"gdp","Real GDP",27,"1875-1876","expansion",1876,"1876-12-31",0.12565445026178,405.660377358491,1,112.565445026178,1
"gdp","Real GDP",28,"1876-1878","contraction",1876,"1876-12-31",NA,405.660377358491,0,100,1
"gdp","Real GDP",28,"1876-1878","contraction",1877,"1877-12-31",-0.153488372093023,343.396226415094,1,84.6511627906975,1
"gdp","Real GDP",28,"1876-1878","contraction",1878,"1878-12-31",-0.0769230769230769,316.981132075472,2,78.1395348837209,1
"gdp","Real GDP",29,"1878-1882","expansion",1878,"1878-12-31",NA,316.981132075472,0,100,1
"gdp","Real GDP",29,"1878-1882","expansion",1879,"1879-12-31",0,316.981132075472,1,100,1
"gdp","Real GDP",29,"1878-1882","expansion",1880,"1880-12-31",0.244047619047619,394.33962264151,2,124.404761904762,1
"gdp","Real GDP",29,"1878-1882","expansion",1881,"1881-12-31",0.177033492822966,464.150943396227,3,146.428571428571,1
"gdp","Real GDP",29,"1878-1882","expansion",1882,"1882-12-31",0.186991869918699,550.943396226415,4,173.809523809524,1
"gdp","Real GDP",30,"1882-1883","contraction",1882,"1882-12-31",NA,550.943396226415,0,100,1
"gdp","Real GDP",30,"1882-1883","contraction",1883,"1883-12-31",-0.14041095890411,473.584905660377,1,85.958904109589,1
"gdp","Real GDP",31,"1883-1885","expansion",1883,"1883-12-31",NA,473.584905660377,0,100,1
"gdp","Real GDP",31,"1883-1885","expansion",1884,"1884-12-31",0.0438247011952191,494.339622641509,1,104.382470119522,1
"gdp","Real GDP",31,"1883-1885","expansion",1885,"1885-12-31",0.0725190839694656,530.188679245283,2,111.95219123506,1
"gdp","Real GDP",32,"1885-1886","contraction",1885,"1885-12-31",NA,530.188679245283,0,100,1
"gdp","Real GDP",32,"1885-1886","contraction",1886,"1886-12-31",-0.0569395017793595,500,1,94.3060498220641,1
"gdp","Real GDP",33,"1886-1888","expansion",1886,"1886-12-31",NA,500,0,100,1
"gdp","Real GDP",33,"1886-1888","expansion",1887,"1887-12-31",0.105660377358491,552.830188679245,1,110.566037735849,1
"gdp","Real GDP",33,"1886-1888","expansion",1888,"1888-12-31",0.0375426621160408,573.584905660377,2,114.716981132075,1
"gdp","Real GDP",34,"1888-1889","contraction",1888,"1888-12-31",NA,573.584905660377,0,100,1
"gdp","Real GDP",34,"1888-1889","contraction",1889,"1889-12-31",-0.0296052631578947,556.603773584906,1,97.0394736842106,1
"gdp","Real GDP",35,"1889-1890","expansion",1889,"1889-12-31",NA,556.603773584906,0,100,1
"gdp","Real GDP",35,"1889-1890","expansion",1890,"1890-12-31",0.0677966101694916,594.339622641509,1,106.779661016949,1
"gdp","Real GDP",36,"1890-1892","contraction",1890,"1890-12-31",NA,594.339622641509,0,100,1
"gdp","Real GDP",36,"1890-1892","contraction",1891,"1891-12-31",-0.0920634920634921,539.622641509434,1,90.7936507936509,1
"gdp","Real GDP",36,"1890-1892","contraction",1892,"1892-12-31",-0.132867132867133,467.924528301887,2,78.7301587301588,1
"gdp","Real GDP",37,"1892-1893","expansion",1892,"1892-12-31",NA,467.924528301887,0,100,1
"gdp","Real GDP",37,"1892-1893","expansion",1893,"1893-12-31",0.399193548387097,654.716981132075,1,139.91935483871,1
"gdp","Real GDP",38,"1893-1894","contraction",1893,"1893-12-31",NA,654.716981132075,0,100,1
"gdp","Real GDP",38,"1893-1894","contraction",1894,"1894-12-31",-0.135446685878963,566.037735849057,1,86.4553314121039,1
"gdp","Real GDP",39,"1894-1895","expansion",1894,"1894-12-31",NA,566.037735849057,0,100,1
"gdp","Real GDP",39,"1894-1895","expansion",1895,"1895-12-31",0.246666666666667,705.66037735849,1,124.666666666666,1
"gdp","Real GDP",40,"1895-1897","contraction",1895,"1895-12-31",NA,705.66037735849,0,100,1
"gdp","Real GDP",40,"1895-1897","contraction",1896,"1896-12-31",-0.171122994652406,584.905660377358,1,82.8877005347594,1
"gdp","Real GDP",40,"1895-1897","contraction",1897,"1897-12-31",-0.0806451612903226,537.735849056604,2,76.2032085561498,1
"gdp","Real GDP",41,"1897-1898","expansion",1897,"1897-12-31",NA,537.735849056604,0,100,1
"gdp","Real GDP",41,"1897-1898","expansion",1898,"1898-12-31",0.129824561403509,607.54716981132,1,112.982456140351,1
"gdp","Real GDP",42,"1898-1901","contraction",1898,"1898-12-31",NA,607.54716981132,0,100,1
"gdp","Real GDP",42,"1898-1901","contraction",1899,"1899-12-31",-0.00310559006211175,605.66037735849,1,99.6894409937888,1
"gdp","Real GDP",42,"1898-1901","contraction",1900,"1900-12-31",-0.0342679127725857,584.905660377358,2,96.2732919254659,1
"gdp","Real GDP",42,"1898-1901","contraction",1901,"1901-12-31",-0.0161290322580645,575.471698113207,3,94.72049689441,1
"gdp","Real GDP",43,"1901-1903","expansion",1901,"1901-12-31",NA,575.471698113207,0,100,1
"gdp","Real GDP",43,"1901-1903","expansion",1902,"1902-12-31",0.0885245901639344,626.415094339622,1,108.852459016393,1
"gdp","Real GDP",43,"1901-1903","expansion",1903,"1903-12-31",0.0813253012048192,677.358490566037,2,117.704918032787,1
"gdp","Real GDP",44,"1903-1906","contraction",1903,"1903-12-31",NA,677.358490566037,0,100,1
"gdp","Real GDP",44,"1903-1906","contraction",1904,"1904-12-31",-0.0250696378830083,660.377358490566,1,97.4930362116993,1
"gdp","Real GDP",44,"1903-1906","contraction",1905,"1905-12-31",-0.0114285714285715,652.830188679245,2,96.3788300835655,1
"gdp","Real GDP",44,"1903-1906","contraction",1906,"1906-12-31",-0.0664739884393064,609.433962264151,3,89.9721448467968,1
"gdp","Real GDP",45,"1906-1913","expansion",1906,"1906-12-31",NA,609.433962264151,0,100,1
"gdp","Real GDP",45,"1906-1913","expansion",1907,"1907-12-31",0,609.433962264151,1,100,1
"gdp","Real GDP",45,"1906-1913","expansion",1908,"1908-12-31",0.068111455108359,650.943396226415,2,106.811145510836,1
"gdp","Real GDP",45,"1906-1913","expansion",1909,"1909-12-31",0.0347826086956522,673.584905660377,3,110.526315789474,1
"gdp","Real GDP",45,"1906-1913","expansion",1910,"1910-12-31",0.0336134453781514,696.226415094339,4,114.241486068111,1
"gdp","Real GDP",45,"1906-1913","expansion",1911,"1911-12-31",0.070460704607046,745.283018867924,5,122.291021671827,1
"gdp","Real GDP",45,"1906-1913","expansion",1912,"1912-12-31",0.0329113924050632,769.811320754716,6,126.315789473684,1
"gdp","Real GDP",45,"1906-1913","expansion",1913,"1913-12-31",0.154411764705882,888.679245283018,7,145.820433436532,1
"gdp","Real GDP",46,"1913-1914","contraction",1913,"1913-12-31",NA,888.679245283018,0,100,1
"gdp","Real GDP",46,"1913-1914","contraction",1914,"1914-12-31",-0.125265392781316,777.358490566037,1,87.4734607218684,1
"gdp","Real GDP",47,"1914-1915","expansion",1914,"1914-12-31",NA,777.358490566037,0,100,1
"gdp","Real GDP",47,"1914-1915","expansion",1915,"1915-12-31",0.0315533980582525,801.88679245283,1,103.155339805825,1
"gdp","Real GDP",48,"1915-1916","contraction",1915,"1915-12-31",NA,801.88679245283,0,100,1
"gdp","Real GDP",48,"1915-1916","contraction",1916,"1916-12-31",-0.0564705882352942,756.603773584905,1,94.3529411764705,1
"gdp","Real GDP",49,"1916-1917","expansion",1916,"1916-12-31",NA,756.603773584905,0,100,1
"gdp","Real GDP",49,"1916-1917","expansion",1917,"1917-12-31",0.167082294264339,883.018867924528,1,116.708229426434,1
"gdp","Real GDP",50,"1917-1919","contraction",1917,"1917-12-31",NA,883.018867924528,0,100,1
"gdp","Real GDP",50,"1917-1919","contraction",1918,"1918-12-31",-0.00854700854700852,875.471698113207,1,99.1452991452991,1
"gdp","Real GDP",50,"1917-1919","contraction",1919,"1919-12-31",-0.0646551724137931,818.867924528301,2,92.7350427350427,1
"gdp","Real GDP",51,"1919-1929","expansion",1919,"1919-12-31",NA,818.867924528301,0,100,1
"gdp","Real GDP",51,"1919-1929","expansion",1920,"1920-12-31",0.200460829493088,983.018867924528,1,120.046082949309,1
"gdp","Real GDP",51,"1919-1929","expansion",1921,"1921-12-31",0.0381021917026347,1020.4740412775,2,124.620101814994,1
"gdp","Real GDP",51,"1919-1929","expansion",1922,"1922-12-31",0.0411108522920753,1062.42659885635,3,129.743340413333,1
"gdp","Real GDP",51,"1919-1929","expansion",1923,"1923-12-31",0.102073080864521,1170.87175499403,4,142.986642890976,1
"gdp","Real GDP",51,"1919-1929","expansion",1924,"1924-12-31",0.20651327004489,1412.67230992105,5,172.515282087133,1
"gdp","Real GDP",51,"1919-1929","expansion",1925,"1925-12-31",0.242761545738437,1755.61482349937,6,214.395358630108,1
"gdp","Real GDP",51,"1919-1929","expansion",1926,"1926-12-31",0.230838649037397,2160.87857758599,7,263.88609357617,1
"gdp","Real GDP",51,"1919-1929","expansion",1927,"1927-12-31",0.119299299934366,2418.66987913517,8,295.367519802222,1
"gdp","Real GDP",51,"1919-1929","expansion",1928,"1928-12-31",0.247437450517916,3017.13938767286,9,368.452505867884,1
"gdp","Real GDP",51,"1919-1929","expansion",1929,"1929-12-31",0.121398502524668,3383.41559124453,10,413.182088331706,1
"gdp","Real GDP",52,"1929-1932","contraction",1929,"1929-12-31",NA,3383.41559124453,0,100,1
"gdp","Real GDP",52,"1929-1932","contraction",1930,"1930-12-31",-0.0214677666421573,3310.78121487826,1,97.8532233357844,1
"gdp","Real GDP",52,"1929-1932","contraction",1931,"1931-12-31",-0.0405195749312753,3176.62976736094,2,93.8882523205632,1
"gdp","Real GDP",52,"1929-1932","contraction",1932,"1932-12-31",-0.107976785885395,2833.62749513344,3,83.750500602592,1
"gdp","Real GDP",53,"1932-1935","expansion",1932,"1932-12-31",NA,2833.62749513344,0,100,1
"gdp","Real GDP",53,"1932-1935","expansion",1933,"1933-12-31",0.0478558530871938,2969.23315624438,1,104.785585308719,1
"gdp","Real GDP",53,"1932-1935","expansion",1934,"1934-12-31",0.110617987267725,3297.68375171672,2,116.37675585024,1
"gdp","Real GDP",53,"1932-1935","expansion",1935,"1935-12-31",0.31847750645108,4347.92185002771,3,153.440134862291,1
"gdp","Real GDP",54,"1935-1936","contraction",1935,"1935-12-31",NA,4347.92185002771,0,100,1
"gdp","Real GDP",54,"1935-1936","contraction",1936,"1936-12-31",-0.00402711248019383,4330.41227968255,1,99.5972887519805,1
"gdp","Real GDP",55,"1936-1939","expansion",1936,"1936-12-31",NA,4330.41227968255,0,100,1
"gdp","Real GDP",55,"1936-1939","expansion",1937,"1937-12-31",0.152218744007188,4989.58219792913,1,115.221874400719,1
"gdp","Real GDP",55,"1936-1939","expansion",1938,"1938-12-31",0.0689932115319039,5333.82949796668,2,123.17140155435,1
"gdp","Real GDP",55,"1936-1939","expansion",1939,"1939-12-31",0.0464707076737498,5581.69632934831,3,128.895263749748,1
"gdp","Real GDP",56,"1939-1940","contraction",1939,"1939-12-31",NA,5581.69632934831,0,100,1
"gdp","Real GDP",56,"1939-1940","contraction",1940,"1940-12-31",-0.049600027643988,5304.84403711229,1,95.0399972356012,1
"gdp","Real GDP",57,"1940-1941","expansion",1940,"1940-12-31",NA,5304.84403711229,0,100,1
"gdp","Real GDP",57,"1940-1941","expansion",1941,"1941-12-31",0.0919577217702878,5792.66540911183,1,109.195772177029,1
"gdp","Real GDP",58,"1941-1942","contraction",1941,"1941-12-31",NA,5792.66540911183,0,100,1
"gdp","Real GDP",58,"1941-1942","contraction",1942,"1942-12-31",-0.210116665766829,4575.52986744641,1,78.9883334233171,1
"gdp","Real GDP",59,"1942-1949","expansion",1942,"1942-12-31",NA,4575.52986744641,0,100,1
"gdp","Real GDP",59,"1942-1949","expansion",1943,"1943-12-31",0.093388914102623,5002.83363321135,1,109.338891410262,1
"gdp","Real GDP",59,"1942-1949","expansion",1944,"1944-12-31",0.321269549037555,6610.09173846307,2,144.466147745903,1
"gdp","Real GDP",59,"1942-1949","expansion",1945,"1945-12-31",0.215489296827269,8034.49575914822,3,175.597056339013,1
"gdp","Real GDP",59,"1942-1949","expansion",1946,"1946-12-31",0.165350883332855,9363.00673005745,4,204.632184715317,1
"gdp","Real GDP",59,"1942-1949","expansion",1947,"1947-12-31",0.14329350754406,10704.664805566,5,233.954648219579,1
"gdp","Real GDP",59,"1942-1949","expansion",1948,"1948-12-31",0.113043829685806,11914.7611106901,6,260.401777627117,1
"gdp","Real GDP",59,"1942-1949","expansion",1949,"1949-12-31",0.0178168585447902,12127.0447239942,7,265.04131926391,1
"gdp","Real GDP",60,"1949-1950","contraction",1949,"1949-12-31",NA,12127.0447239942,0,100,1
"gdp","Real GDP",60,"1949-1950","contraction",1950,"1950-12-31",-0.00523535910600659,12063.5552899695,1,99.4764640893994,1
"gdp","Real GDP",61,"1950-1979","expansion",1950,"1950-12-31",NA,12063.5552899695,0,100,1
"gdp","Real GDP",61,"1950-1979","expansion",1951,"1951-12-31",0.11668107173725,13471.1438501647,1,111.668107173725,1
"gdp","Real GDP",61,"1950-1979","expansion",1952,"1952-12-31",0.0728257810301141,14452.190422422,2,119.800424294806,1
"gdp","Real GDP",61,"1950-1979","expansion",1953,"1953-12-31",0.0618482324391672,15346.032854923,3,127.209868782902,1
"gdp","Real GDP",61,"1950-1979","expansion",1954,"1954-12-31",0.0962940086473183,16823.763875357,4,139.459416987507,1
"gdp","Real GDP",61,"1950-1979","expansion",1955,"1955-12-31",0.0887937348583014,18317.6087042241,5,151.842539482989,1
"gdp","Real GDP",61,"1950-1979","expansion",1956,"1956-12-31",0.105614489003878,20252.2135872938,6,167.879311699536,1
"gdp","Real GDP",61,"1950-1979","expansion",1957,"1957-12-31",0.116119067677622,22603.8817474584,7,187.373300856447,1
"gdp","Real GDP",61,"1950-1979","expansion",1958,"1958-12-31",0.0132930766972785,22904.3568811836,8,189.864068515754,1
"gdp","Real GDP",61,"1950-1979","expansion",1959,"1959-12-31",0.0786707498758492,24706.2598124503,9,204.800817160368,1
"gdp","Real GDP",61,"1950-1979","expansion",1960,"1960-12-31",0.0398235181277553,25690.1499979605,10,212.956706215133,1
"gdp","Real GDP",61,"1950-1979","expansion",1961,"1961-12-31",0.0506217023945683,26990.6291256291,11,223.736937220083,1
"gdp","Real GDP",61,"1950-1979","expansion",1962,"1962-12-31",0.0904302019315204,29431.3971677185,12,243.969513632435,1
"gdp","Real GDP",61,"1950-1979","expansion",1963,"1963-12-31",0.0685024154589375,31447.5189640385,13,260.682014614599,1
"gdp","Real GDP",61,"1950-1979","expansion",1964,"1964-12-31",0.0973566024655608,34509.1425663486,14,286.061129881354,1
"gdp","Real GDP",61,"1950-1979","expansion",1965,"1965-12-31",0.0586700359820922,36533.7952024274,15,302.844346664571,1
"gdp","Real GDP",61,"1950-1979","expansion",1966,"1966-12-31",0.023376488597151,37387.8270493876,16,309.923784081087,1
"gdp","Real GDP",61,"1950-1979","expansion",1967,"1967-12-31",0.0402849609573088,38893.9942023508,17,322.409051622535,1
"gdp","Real GDP",61,"1950-1979","expansion",1968,"1968-12-31",0.0520069212584973,40916.7510962609,18,339.176553783295,1
"gdp","Real GDP",61,"1950-1979","expansion",1969,"1969-12-31",0.0417008083268744,42623.0126910845,19,353.320490241582,1
"gdp","Real GDP",61,"1950-1979","expansion",1970,"1970-12-31",0.0764488286066578,45881.4920830047,20,380.331427843281,1
"gdp","Real GDP",61,"1950-1979","expansion",1971,"1971-12-31",0.0307105897223221,47290.5397622138,21,392.011630282281,1
"gdp","Real GDP",61,"1950-1979","expansion",1972,"1972-12-31",0.032573914043188,48830.9777394841,22,404.780983431026,1
"gdp","Real GDP",61,"1950-1979","expansion",1973,"1973-12-31",0.062554510196887,51885.5756344126,23,430.101859586568,1
"gdp","Real GDP",61,"1950-1979","expansion",1974,"1974-12-31",0.0606356968215152,55031.6936679907,24,456.181385546829,1
"gdp","Real GDP",61,"1950-1979","expansion",1975,"1975-12-31",0.060676414410854,58370.8195187208,25,483.860836342786,1
"gdp","Real GDP",61,"1950-1979","expansion",1976,"1976-12-31",0.0877097660555448,63490.5104431783,26,526.300157101852,1
"gdp","Real GDP",61,"1950-1979","expansion",1977,"1977-12-31",0.0672213738279073,67758.4297802038,27,561.678776708082,1
"gdp","Real GDP",61,"1950-1979","expansion",1978,"1978-12-31",0.0213835805127249,69207.3476188246,28,573.689480052108,1
"gdp","Real GDP",61,"1950-1979","expansion",1979,"1979-12-31",0.0133549806221844,70131.6104051868,29,581.351091941355,1
"gdp","Real GDP",62,"1979-1981","contraction",1979,"1979-12-31",NA,70131.6104051868,0,100,1
"gdp","Real GDP",62,"1979-1981","contraction",1980,"1980-12-31",-0.019884748565817,68737.0609657638,1,98.0115251434183,1
"gdp","Real GDP",62,"1979-1981","contraction",1981,"1981-12-31",-0.00301883807690773,68529.5549088257,2,97.7156442193396,1
"gdp","Real GDP",63,"1981-1982","expansion",1981,"1981-12-31",NA,68529.5549088257,0,100,1
"gdp","Real GDP",63,"1981-1982","expansion",1982,"1982-12-31",0.00682286983656955,68997.1231419266,1,100.682286983657,1
"gdp","Real GDP",64,"1982-1984","contraction",1982,"1982-12-31",NA,68997.1231419266,0,100,1
"gdp","Real GDP",64,"1982-1984","contraction",1983,"1983-12-31",-0.0561698886320663,65121.5624191116,1,94.3830111367933,1
"gdp","Real GDP",64,"1982-1984","contraction",1984,"1984-12-31",-0.0135388982425861,64239.8882121211,2,93.1051691531835,1
"gdp","Real GDP",65,"1984-1988","expansion",1984,"1984-12-31",NA,64239.8882121211,0,100,1
"gdp","Real GDP",65,"1984-1988","expansion",1985,"1985-12-31",0.00193300196156732,64364.064042046,1,100.193300196157,1
"gdp","Real GDP",65,"1984-1988","expansion",1986,"1986-12-31",0.0651034489312976,68554.3865984181,2,106.716229598735,1
"gdp","Real GDP",65,"1984-1988","expansion",1987,"1987-12-31",0.0358165006636406,71009.7648315158,3,110.53843150698,1
"gdp","Real GDP",65,"1984-1988","expansion",1988,"1988-12-31",0.0582136834783051,75143.5048052865,4,116.973280770915,1
"gdp","Real GDP",66,"1988-1989","contraction",1988,"1988-12-31",NA,75143.5048052865,0,100,1
"gdp","Real GDP",66,"1988-1989","contraction",1989,"1989-12-31",-0.0856988188175155,68703.7952016652,1,91.4301181182485,1
"gdp","Real GDP",67,"1989-1993","expansion",1989,"1989-12-31",NA,68703.7952016652,0,100,1
"gdp","Real GDP",67,"1989-1993","expansion",1990,"1990-12-31",0.064679407561735,73147.5159725516,1,106.467940756173,1
"gdp","Real GDP",67,"1989-1993","expansion",1991,"1991-12-31",0.0972988794112739,80264.6873083992,2,116.827152084975,1
"gdp","Real GDP",67,"1989-1993","expansion",1992,"1992-12-31",0.0606047326906214,85129.107227221,3,123.907430408091,1
"gdp","Real GDP",67,"1989-1993","expansion",1993,"1993-12-31",0.0027538806723566,85363.542630269,4,124.248656685854,1
"gdp","Real GDP",68,"1993-1994","contraction",1993,"1993-12-31",NA,85363.542630269,0,100,1
"gdp","Real GDP",68,"1993-1994","contraction",1994,"1994-12-31",-0.0234950788424259,83357.9194659021,1,97.6504921157575,1
"gdp","Real GDP",69,"1994-1995","expansion",1994,"1994-12-31",NA,83357.9194659021,0,100,1
"gdp","Real GDP",69,"1994-1995","expansion",1995,"1995-12-31",0.0395166276209111,86651.9433286901,1,103.951662762091,1
"gdp","Real GDP",70,"1995-1996","contraction",1995,"1995-12-31",NA,86651.9433286901,0,100,1
"gdp","Real GDP",70,"1995-1996","contraction",1996,"1996-12-31",-0.00197837378028209,86480.5133959981,1,99.8021626219718,1
"gdp","Real GDP",71,"1996-1998","expansion",1996,"1996-12-31",NA,86480.5133959981,0,100,1
"gdp","Real GDP",71,"1996-1998","expansion",1997,"1997-12-31",0.0637093151973625,91990.1276823735,1,106.370931519736,1
"gdp","Real GDP",71,"1996-1998","expansion",1998,"1998-12-31",0.00294055160519591,92260.629399992,2,106.683720733163,1
"gdp","Real GDP",72,"1998-1999","contraction",1998,"1998-12-31",NA,92260.629399992,0,100,1
"gdp","Real GDP",72,"1998-1999","contraction",1999,"1999-12-31",-0.000597045814640996,92205.5455773526,1,99.9402954185359,1
"gdp","Real GDP",73,"1999-2001","expansion",1999,"1999-12-31",NA,92205.5455773526,0,100,1
"gdp","Real GDP",73,"1999-2001","expansion",2000,"2000-12-31",0.0368694416687683,95605.1125615538,1,103.686944166877,1
"gdp","Real GDP",73,"1999-2001","expansion",2001,"2001-12-31",0.033942361077907,98850.175813012,2,107.206323864854,1
"gdp","Real GDP",74,"2001-2003","contraction",2001,"2001-12-31",NA,98850.175813012,0,100,1
"gdp","Real GDP",74,"2001-2003","contraction",2002,"2002-12-31",-0.0885564735286779,90096.3528353218,1,91.1443526471322,1
"gdp","Real GDP",74,"2001-2003","contraction",2003,"2003-12-31",-0.0775530004959881,83109.1103391974,2,84.0758346210826,1
"gdp","Real GDP",75,"2003-2008","expansion",2003,"2003-12-31",NA,83109.1103391974,0,100,1
"gdp","Real GDP",75,"2003-2008","expansion",2004,"2004-12-31",0.182866066891245,98306.9464697569,1,118.286606689124,1
"gdp","Real GDP",75,"2003-2008","expansion",2005,"2005-12-31",0.10317882978425,108450.142166169,2,130.491280346458,1
"gdp","Real GDP",75,"2003-2008","expansion",2006,"2006-12-31",0.0987227438543281,119156.637772205,3,143.373737591324,1
"gdp","Real GDP",75,"2003-2008","expansion",2007,"2007-12-31",0.0875348519522348,129586.996418722,4,155.923936485221,1
"gdp","Real GDP",75,"2003-2008","expansion",2008,"2008-12-31",0.0327640830861964,133832.795536275,5,161.032641295348,1
"gdp","Real GDP",76,"2008-2010","contraction",2008,"2008-12-31",NA,133832.795536275,0,100,1
"gdp","Real GDP",76,"2008-2010","contraction",2009,"2009-12-31",-0.0409585869965426,128351.193337312,1,95.9041413003458,1
"gdp","Real GDP",76,"2008-2010","contraction",2010,"2010-12-31",-0.00662008013227904,127501.498152346,2,95.2692481999205,1
"gdp","Real GDP",77,"2010-2013","expansion",2010,"2010-12-31",NA,127501.498152346,0,100,1
"gdp","Real GDP",77,"2010-2013","expansion",2011,"2011-12-31",0.0272894288369523,130980.941212779,1,102.728942883695,1
"gdp","Real GDP",77,"2010-2013","expansion",2012,"2012-12-31",0.0424330003030559,136538.855530955,2,107.088040148211,1
"gdp","Real GDP",77,"2010-2013","expansion",2013,"2013-12-31",0.00077713313674451,136644.964400041,3,107.171261812759,1
"gdp","Real GDP",78,"2013-2020","contraction",2013,"2013-12-31",NA,136644.964400041,0,100,1
"gdp","Real GDP",78,"2013-2020","contraction",2014,"2014-12-31",-0.0230580718252338,133494.194996349,1,97.6941928174771,1
"gdp","Real GDP",78,"2013-2020","contraction",2015,"2015-12-31",-0.0386872096794752,128329.677083532,2,93.9146770954799,1
"gdp","Real GDP",78,"2013-2020","contraction",2016,"2016-12-31",-0.169780174269073,106541.842144396,3,77.9698268517856,1
"gdp","Real GDP",78,"2013-2020","contraction",2017,"2017-12-31",-0.144201072173824,91178.3942758,4,66.7264942225508,1
"gdp","Real GDP",78,"2013-2020","contraction",2018,"2018-12-31",-0.213958685796314,71669.9848635317,5,52.4497812108985,1
"gdp","Real GDP",78,"2013-2020","contraction",2019,"2019-12-31",-0.289914582952342,50891.8110916202,6,37.2438247651993,1
"gdp","Real GDP",78,"2013-2020","contraction",2020,"2020-12-31",-0.332038127240288,33993.7894448921,7,24.877454938897,1
"gdp","Real GDP",79,"2020-2022","expansion",2020,"2020-12-31",NA,33993.7894448921,0,100,1
"gdp","Real GDP",79,"2020-2022","expansion",2021,"2021-12-31",0.0111060373799066,34371.3257411518,1,101.110603737991,1
"gdp","Real GDP",79,"2020-2022","expansion",2022,"2022-12-31",0.0742430767059921,36923.1587146388,2,108.6173660471,1
"gdp","Real GDP",80,"2022-2023","contraction",2022,"2022-12-31",NA,36923.1587146388,0,100,1
"gdp","Real GDP",80,"2022-2023","contraction",2023,"2023-12-31",-0.00645454251743061,36684.8366168373,1,99.3545457482569,1
"gdp","Real GDP",81,"2023-2025","expansion",2023,"2023-12-31",NA,36684.8366168373,0,100,1
"gdp","Real GDP",81,"2023-2025","expansion",2024,"2024-12-31",0.047,38409.0239378286,1,104.7,1
"gdp","Real GDP",81,"2023-2025","expansion",2025,"2025-12-31",0.007,38677.8871053934,2,105.4329,1
"gdp_per_capita","Real GDP per capita",1,"1830-1831","expansion",1830,"1830-12-31",NA,100,0,100,0
"gdp_per_capita","Real GDP per capita",1,"1830-1831","expansion",1831,"1831-12-31",0.174549162490242,117.454916249024,1,117.454916249024,0
"gdp_per_capita","Real GDP per capita",2,"1831-1834","contraction",1831,"1831-12-31",NA,117.454916249024,0,100,1
"gdp_per_capita","Real GDP per capita",2,"1831-1834","contraction",1832,"1832-12-31",-0.0445142527121556,112.22649842483,1,95.5485747287846,1
"gdp_per_capita","Real GDP per capita",2,"1831-1834","contraction",1833,"1833-12-31",-0.031294576338277,108.714417702697,2,92.5584225629214,1
"gdp_per_capita","Real GDP per capita",2,"1831-1834","contraction",1834,"1834-12-31",-0.000541160481756009,108.655585756039,3,92.5083336023765,1
"gdp_per_capita","Real GDP per capita",3,"1834-1836","expansion",1834,"1834-12-31",NA,108.655585756039,0,100,1
"gdp_per_capita","Real GDP per capita",3,"1834-1836","expansion",1835,"1835-12-31",0.0134144745452165,110.113143345359,1,101.341447454522,1
"gdp_per_capita","Real GDP per capita",3,"1834-1836","expansion",1836,"1836-12-31",0.339094249710556,147.451877071324,2,135.705749543694,1
"gdp_per_capita","Real GDP per capita",4,"1836-1838","contraction",1836,"1836-12-31",NA,147.451877071324,0,100,1
"gdp_per_capita","Real GDP per capita",4,"1836-1838","contraction",1837,"1837-12-31",-0.0519047598645148,139.798422800365,1,94.8095240135485,1
"gdp_per_capita","Real GDP per capita",4,"1836-1838","contraction",1838,"1838-12-31",-0.0628826201511519,131.00753168168,2,88.8476527282934,1
"gdp_per_capita","Real GDP per capita",5,"1838-1839","expansion",1838,"1838-12-31",NA,131.00753168168,0,100,1
"gdp_per_capita","Real GDP per capita",5,"1838-1839","expansion",1839,"1839-12-31",0.159481836825306,151.900853472223,1,115.94818368253,1
"gdp_per_capita","Real GDP per capita",6,"1839-1840","contraction",1839,"1839-12-31",NA,151.900853472223,0,100,1
"gdp_per_capita","Real GDP per capita",6,"1839-1840","contraction",1840,"1840-12-31",-0.0310521902804226,147.183999266445,1,96.8947809719578,1
"gdp_per_capita","Real GDP per capita",7,"1840-1842","expansion",1840,"1840-12-31",NA,147.183999266445,0,100,1
"gdp_per_capita","Real GDP per capita",7,"1840-1842","expansion",1841,"1841-12-31",0.151190738344431,169.436856788025,1,115.119073834443,1
"gdp_per_capita","Real GDP per capita",7,"1840-1842","expansion",1842,"1842-12-31",0.0755233520423744,182.233296172181,2,123.813252174434,1
"gdp_per_capita","Real GDP per capita",8,"1842-1843","contraction",1842,"1842-12-31",NA,182.233296172181,0,100,1
"gdp_per_capita","Real GDP per capita",8,"1842-1843","contraction",1843,"1843-12-31",-0.185859151430987,148.363570383147,1,81.4140848569009,1
"gdp_per_capita","Real GDP per capita",9,"1843-1846","expansion",1843,"1843-12-31",NA,148.363570383147,0,100,1
"gdp_per_capita","Real GDP per capita",9,"1843-1846","expansion",1844,"1844-12-31",0.0999641199386985,163.194604127462,1,109.99641199387,1
"gdp_per_capita","Real GDP per capita",9,"1843-1846","expansion",1845,"1845-12-31",0.0486765563906637,171.138355477924,2,115.35065854506,1
"gdp_per_capita","Real GDP per capita",9,"1843-1846","expansion",1846,"1846-12-31",0.0455875409372277,178.940132264204,3,120.60921141362,1
"gdp_per_capita","Real GDP per capita",10,"1846-1847","contraction",1846,"1846-12-31",NA,178.940132264204,0,100,1
"gdp_per_capita","Real GDP per capita",10,"1846-1847","contraction",1847,"1847-12-31",-0.219709139526066,139.625349777755,1,78.0290860473932,1
"gdp_per_capita","Real GDP per capita",11,"1847-1848","expansion",1847,"1847-12-31",NA,139.625349777755,0,100,1
"gdp_per_capita","Real GDP per capita",11,"1847-1848","expansion",1848,"1848-12-31",0.0659227355362448,148.82983478531,1,106.592273553625,1
"gdp_per_capita","Real GDP per capita",12,"1848-1849","contraction",1848,"1848-12-31",NA,148.82983478531,0,100,1
"gdp_per_capita","Real GDP per capita",12,"1848-1849","contraction",1849,"1849-12-31",-0.0260391561413245,144.954431478848,1,97.3960843858677,1
"gdp_per_capita","Real GDP per capita",13,"1849-1851","expansion",1849,"1849-12-31",NA,144.954431478848,0,100,1
"gdp_per_capita","Real GDP per capita",13,"1849-1851","expansion",1850,"1850-12-31",0.253631755888088,181.719478458587,1,125.363175588808,1
"gdp_per_capita","Real GDP per capita",13,"1849-1851","expansion",1851,"1851-12-31",0.00263164695432661,182.197699970615,2,125.693087208032,1
"gdp_per_capita","Real GDP per capita",14,"1851-1852","contraction",1851,"1851-12-31",NA,182.197699970615,0,100,1
"gdp_per_capita","Real GDP per capita",14,"1851-1852","contraction",1852,"1852-12-31",-0.195770356647874,146.528791266945,1,80.4229643352124,1
"gdp_per_capita","Real GDP per capita",15,"1852-1855","expansion",1852,"1852-12-31",NA,146.528791266945,0,100,1
"gdp_per_capita","Real GDP per capita",15,"1852-1855","expansion",1853,"1853-12-31",0.224138190686545,179.371489425005,1,122.413819068655,1
"gdp_per_capita","Real GDP per capita",15,"1852-1855","expansion",1854,"1854-12-31",0.0368086336128233,185.973908859836,2,126.919704483899,1
"gdp_per_capita","Real GDP per capita",15,"1852-1855","expansion",1855,"1855-12-31",0.0993048622322403,204.442022257953,3,139.523448252229,1
"gdp_per_capita","Real GDP per capita",16,"1855-1857","contraction",1855,"1855-12-31",NA,204.442022257953,0,100,1
"gdp_per_capita","Real GDP per capita",16,"1855-1857","contraction",1856,"1856-12-31",-0.121200474437036,179.663552165422,1,87.8799525562964,1
"gdp_per_capita","Real GDP per capita",16,"1855-1857","contraction",1857,"1857-12-31",-0.135113394763816,155.388599717026,2,76.0061938347321,1
"gdp_per_capita","Real GDP per capita",17,"1857-1858","expansion",1857,"1857-12-31",NA,155.388599717026,0,100,1
"gdp_per_capita","Real GDP per capita",17,"1857-1858","expansion",1858,"1858-12-31",0.229228754014678,191.008134818246,1,122.922875401468,1
"gdp_per_capita","Real GDP per capita",18,"1858-1859","contraction",1858,"1858-12-31",NA,191.008134818246,0,100,1
"gdp_per_capita","Real GDP per capita",18,"1858-1859","contraction",1859,"1859-12-31",-0.245898561522116,144.039509227417,1,75.4101438477884,1
"gdp_per_capita","Real GDP per capita",19,"1859-1861","expansion",1859,"1859-12-31",NA,144.039509227417,0,100,1
"gdp_per_capita","Real GDP per capita",19,"1859-1861","expansion",1860,"1860-12-31",0.108107894966839,159.611317362049,1,110.810789496683,1
"gdp_per_capita","Real GDP per capita",19,"1859-1861","expansion",1861,"1861-12-31",0.208462897220273,192.884355008487,2,133.910727718428,1
"gdp_per_capita","Real GDP per capita",20,"1861-1862","contraction",1861,"1861-12-31",NA,192.884355008487,0,100,1
"gdp_per_capita","Real GDP per capita",20,"1861-1862","contraction",1862,"1862-12-31",-0.155261569308185,162.936827354872,1,84.4738430691814,1
"gdp_per_capita","Real GDP per capita",21,"1862-1863","expansion",1862,"1862-12-31",NA,162.936827354872,0,100,1
"gdp_per_capita","Real GDP per capita",21,"1862-1863","expansion",1863,"1863-12-31",0.00294108803889248,163.4160389089,1,100.294108803889,1
"gdp_per_capita","Real GDP per capita",22,"1863-1864","contraction",1863,"1863-12-31",NA,163.4160389089,0,100,1
"gdp_per_capita","Real GDP per capita",22,"1863-1864","contraction",1864,"1864-12-31",-0.0039255187745888,162.774546180095,1,99.6074481225416,1
"gdp_per_capita","Real GDP per capita",23,"1864-1865","expansion",1864,"1864-12-31",NA,162.774546180095,0,100,1
"gdp_per_capita","Real GDP per capita",23,"1864-1865","expansion",1865,"1865-12-31",0.13547469407272,184.826378026669,1,113.547469407272,1
"gdp_per_capita","Real GDP per capita",24,"1865-1868","contraction",1865,"1865-12-31",NA,184.826378026669,0,100,1
"gdp_per_capita","Real GDP per capita",24,"1865-1868","contraction",1866,"1866-12-31",-0.14368394432156,158.269795017129,1,85.6316055678437,1
"gdp_per_capita","Real GDP per capita",24,"1865-1868","contraction",1867,"1867-12-31",-0.104197285179185,141.778512050478,2,76.7090247421396,1
"gdp_per_capita","Real GDP per capita",24,"1865-1868","contraction",1868,"1868-12-31",-0.113975032224683,125.619301570757,3,67.9661111752302,1
"gdp_per_capita","Real GDP per capita",25,"1868-1870","expansion",1868,"1868-12-31",NA,125.619301570757,0,100,1
"gdp_per_capita","Real GDP per capita",25,"1868-1870","expansion",1869,"1869-12-31",0.109934348865214,139.429177693841,1,110.993434886521,1
"gdp_per_capita","Real GDP per capita",25,"1868-1870","expansion",1870,"1870-12-31",0.0220033147955601,142.497081782325,2,113.43565837457,1
"gdp_per_capita","Real GDP per capita",26,"1870-1871","contraction",1870,"1870-12-31",NA,142.497081782325,0,100,1
"gdp_per_capita","Real GDP per capita",26,"1870-1871","contraction",1871,"1871-12-31",-0.125918729397704,124.554030301414,1,87.4081270602296,1
"gdp_per_capita","Real GDP per capita",27,"1871-1874","expansion",1871,"1871-12-31",NA,124.554030301414,0,100,1
"gdp_per_capita","Real GDP per capita",27,"1871-1874","expansion",1872,"1872-12-31",0.176688224083128,146.561260717767,1,117.668822408313,1
"gdp_per_capita","Real GDP per capita",27,"1871-1874","expansion",1873,"1873-12-31",0.0581316719601004,155.081111847871,2,124.509107792484,1
"gdp_per_capita","Real GDP per capita",27,"1871-1874","expansion",1874,"1874-12-31",0.237770584391446,191.954838440014,3,154.11371111436,1
"gdp_per_capita","Real GDP per capita",28,"1874-1875","contraction",1874,"1874-12-31",NA,191.954838440014,0,100,1
"gdp_per_capita","Real GDP per capita",28,"1874-1875","contraction",1875,"1875-12-31",-0.0615947936451713,180.13141977711,1,93.8405206354833,1
"gdp_per_capita","Real GDP per capita",29,"1875-1876","expansion",1875,"1875-12-31",NA,180.13141977711,0,100,1
"gdp_per_capita","Real GDP per capita",29,"1875-1876","expansion",1876,"1876-12-31",0.105819154124152,199.192774249106,1,110.581915412415,1
"gdp_per_capita","Real GDP per capita",30,"1876-1879","contraction",1876,"1876-12-31",NA,199.192774249106,0,100,1
"gdp_per_capita","Real GDP per capita",30,"1876-1879","contraction",1877,"1877-12-31",-0.168596387153427,165.609592163638,1,83.140361284657,1
"gdp_per_capita","Real GDP per capita",30,"1876-1879","contraction",1878,"1878-12-31",-0.093590255512757,150.11014811768,2,75.3592336286032,1
"gdp_per_capita","Real GDP per capita",30,"1876-1879","contraction",1879,"1879-12-31",-0.0177358693288115,147.447814145736,3,74.0226721082468,1
"gdp_per_capita","Real GDP per capita",31,"1879-1882","expansion",1879,"1879-12-31",NA,147.447814145736,0,100,1
"gdp_per_capita","Real GDP per capita",31,"1879-1882","expansion",1880,"1880-12-31",0.221741747475867,180.143150115909,1,122.174174747587,1
"gdp_per_capita","Real GDP per capita",31,"1879-1882","expansion",1881,"1881-12-31",0.156883061232222,208.404558966108,2,141.341233285509,1
"gdp_per_capita","Real GDP per capita",31,"1879-1882","expansion",1882,"1882-12-31",0.167590911046157,243.331268869411,3,165.028739340215,1
"gdp_per_capita","Real GDP per capita",32,"1882-1883","contraction",1882,"1882-12-31",NA,243.331268869411,0,100,1
"gdp_per_capita","Real GDP per capita",32,"1882-1883","contraction",1883,"1883-12-31",-0.154234691303364,205.801145730881,1,84.5765308696634,1
"gdp_per_capita","Real GDP per capita",33,"1883-1885","expansion",1883,"1883-12-31",NA,205.801145730881,0,100,1
"gdp_per_capita","Real GDP per capita",33,"1883-1885","expansion",1884,"1884-12-31",0.0282900297801083,211.623266272388,1,102.829002978011,1
"gdp_per_capita","Real GDP per capita",33,"1883-1885","expansion",1885,"1885-12-31",0.0572914953359276,223.747479645007,2,108.720230322524,1
"gdp_per_capita","Real GDP per capita",34,"1885-1886","contraction",1885,"1885-12-31",NA,223.747479645007,0,100,1
"gdp_per_capita","Real GDP per capita",34,"1885-1886","contraction",1886,"1886-12-31",-0.0640270686678912,209.421584401508,1,93.5972931332106,1
"gdp_per_capita","Real GDP per capita",35,"1886-1888","expansion",1886,"1886-12-31",NA,209.421584401508,0,100,1
"gdp_per_capita","Real GDP per capita",35,"1886-1888","expansion",1887,"1887-12-31",0.0963906615320571,229.607869461061,1,109.639066153206,1
"gdp_per_capita","Real GDP per capita",35,"1886-1888","expansion",1888,"1888-12-31",0.0251284761297343,235.377565328013,2,112.394128809923,1
"gdp_per_capita","Real GDP per capita",36,"1888-1889","contraction",1888,"1888-12-31",NA,235.377565328013,0,100,1
"gdp_per_capita","Real GDP per capita",36,"1888-1889","contraction",1889,"1889-12-31",-0.0406425434755879,225.811222395991,1,95.9357456524411,1
"gdp_per_capita","Real GDP per capita",37,"1889-1890","expansion",1889,"1889-12-31",NA,225.811222395991,0,100,1
"gdp_per_capita","Real GDP per capita",37,"1889-1890","expansion",1890,"1890-12-31",0.0553134148387011,238.301612215614,1,105.53134148387,1
"gdp_per_capita","Real GDP per capita",38,"1890-1892","contraction",1890,"1890-12-31",NA,238.301612215614,0,100,1
"gdp_per_capita","Real GDP per capita",38,"1890-1892","contraction",1891,"1891-12-31",-0.104545156329311,213.388332913006,1,89.545484367069,1
"gdp_per_capita","Real GDP per capita",38,"1890-1892","contraction",1892,"1892-12-31",-0.144251918223973,182.606656563689,2,76.6283764788244,1
"gdp_per_capita","Real GDP per capita",39,"1892-1893","expansion",1892,"1892-12-31",NA,182.606656563689,0,100,1
"gdp_per_capita","Real GDP per capita",39,"1892-1893","expansion",1893,"1893-12-31",0.381658014274499,252.299950501093,1,138.16580142745,1
"gdp_per_capita","Real GDP per capita",40,"1893-1894","contraction",1893,"1893-12-31",NA,252.299950501093,0,100,1
"gdp_per_capita","Real GDP per capita",40,"1893-1894","contraction",1894,"1894-12-31",-0.147239387205329,215.151460397377,1,85.276061279467,1
"gdp_per_capita","Real GDP per capita",41,"1894-1895","expansion",1894,"1894-12-31",NA,215.151460397377,0,100,1
"gdp_per_capita","Real GDP per capita",41,"1894-1895","expansion",1895,"1895-12-31",0.231443983136971,264.946971369482,1,123.144398313697,1
"gdp_per_capita","Real GDP per capita",42,"1895-1897","contraction",1895,"1895-12-31",NA,264.946971369482,0,100,1
"gdp_per_capita","Real GDP per capita",42,"1895-1897","contraction",1896,"1896-12-31",-0.18248212274707,216.598885618572,1,81.7517877252931,1
"gdp_per_capita","Real GDP per capita",42,"1895-1897","contraction",1897,"1897-12-31",-0.0934452211049637,196.358754860856,2,74.1124738455771,1
"gdp_per_capita","Real GDP per capita",43,"1897-1898","expansion",1897,"1897-12-31",NA,196.358754860856,0,100,1
"gdp_per_capita","Real GDP per capita",43,"1897-1898","expansion",1898,"1898-12-31",0.114760319117095,218.892948230123,1,111.476031911709,1
"gdp_per_capita","Real GDP per capita",44,"1898-1901","contraction",1898,"1898-12-31",NA,218.892948230123,0,100,1
"gdp_per_capita","Real GDP per capita",44,"1898-1901","contraction",1899,"1899-12-31",-0.0166145864213676,215.256132424726,1,98.3385413578634,1
"gdp_per_capita","Real GDP per capita",44,"1898-1901","contraction",1900,"1900-12-31",-0.0468048857413998,205.181093741451,2,93.7358171656326,1
"gdp_per_capita","Real GDP per capita",44,"1898-1901","contraction",1901,"1901-12-31",-0.0291147799350844,199.207291350329,3,91.0067194768201,1
"gdp_per_capita","Real GDP per capita",45,"1901-1903","expansion",1901,"1901-12-31",NA,199.207291350329,0,100,1
"gdp_per_capita","Real GDP per capita",45,"1901-1903","expansion",1902,"1902-12-31",0.0747564326622321,214.099317811985,1,107.475643266223,1
"gdp_per_capita","Real GDP per capita",45,"1901-1903","expansion",1903,"1903-12-31",0.0674150824999664,228.532840985467,2,114.721122623753,1
"gdp_per_capita","Real GDP per capita",46,"1903-1907","contraction",1903,"1903-12-31",NA,228.532840985467,0,100,1
"gdp_per_capita","Real GDP per capita",46,"1903-1907","contraction",1904,"1904-12-31",-0.0421036082289257,218.910783781171,1,95.7896391771072,1
"gdp_per_capita","Real GDP per capita",46,"1903-1907","contraction",1905,"1905-12-31",-0.0172739631969816,215.129326958713,2,94.1349724753099,1
"gdp_per_capita","Real GDP per capita",46,"1903-1907","contraction",1906,"1906-12-31",-0.071278835626428,199.795159023999,3,87.425141245544,1
"gdp_per_capita","Real GDP per capita",46,"1903-1907","contraction",1907,"1907-12-31",-0.00766133283043247,198.264461812807,4,86.7553481407143,1
"gdp_per_capita","Real GDP per capita",47,"1907-1913","expansion",1907,"1907-12-31",NA,198.264461812807,0,100,1
"gdp_per_capita","Real GDP per capita",47,"1907-1913","expansion",1908,"1908-12-31",0.0603743703506927,210.234553857674,1,106.037437035069,1
"gdp_per_capita","Real GDP per capita",47,"1907-1913","expansion",1909,"1909-12-31",0.0277103434159232,216.060225542963,2,108.975770830255,1
"gdp_per_capita","Real GDP per capita",47,"1907-1913","expansion",1910,"1910-12-31",0.0244011721516668,221.332348301565,3,111.634907374645,1
"gdp_per_capita","Real GDP per capita",47,"1907-1913","expansion",1911,"1911-12-31",0.0595066294031872,234.503090326883,4,118.277924436247,1
"gdp_per_capita","Real GDP per capita",47,"1907-1913","expansion",1912,"1912-12-31",0.0249549523356034,240.355103768542,5,121.229544402907,1
"gdp_per_capita","Real GDP per capita",47,"1907-1913","expansion",1913,"1913-12-31",0.147181555448459,275.730941801172,6,139.072297314435,1
"gdp_per_capita","Real GDP per capita",48,"1913-1914","contraction",1913,"1913-12-31",NA,275.730941801172,0,100,1
"gdp_per_capita","Real GDP per capita",48,"1913-1914","contraction",1914,"1914-12-31",-0.132808835139393,239.111436608671,1,86.7191164860609,1
"gdp_per_capita","Real GDP per capita",49,"1914-1915","expansion",1914,"1914-12-31",NA,239.111436608671,0,100,1
"gdp_per_capita","Real GDP per capita",49,"1914-1915","expansion",1915,"1915-12-31",0.0248366264137494,245.050158030975,1,102.483662641375,1
"gdp_per_capita","Real GDP per capita",50,"1915-1916","contraction",1915,"1915-12-31",NA,245.050158030975,0,100,1
"gdp_per_capita","Real GDP per capita",50,"1915-1916","contraction",1916,"1916-12-31",-0.0600141471614423,230.34368178497,1,93.998585283856,1
"gdp_per_capita","Real GDP per capita",51,"1916-1917","expansion",1916,"1916-12-31",NA,230.34368178497,0,100,1
"gdp_per_capita","Real GDP per capita",51,"1916-1917","expansion",1917,"1917-12-31",0.161136021388403,267.460346219756,1,116.11360213884,1
"gdp_per_capita","Real GDP per capita",52,"1917-1919","contraction",1917,"1917-12-31",NA,267.460346219756,0,100,1
"gdp_per_capita","Real GDP per capita",52,"1917-1919","contraction",1918,"1918-12-31",-0.0132394197031815,263.919326442194,1,98.6760580296817,1
"gdp_per_capita","Real GDP per capita",52,"1917-1919","contraction",1919,"1919-12-31",-0.0693742604486107,245.610118352172,2,91.8304794798886,1
"gdp_per_capita","Real GDP per capita",53,"1919-1929","expansion",1919,"1919-12-31",NA,245.610118352172,0,100,1
"gdp_per_capita","Real GDP per capita",53,"1919-1929","expansion",1920,"1920-12-31",0.19283757098444,292.972976984405,1,119.283757098444,1
"gdp_per_capita","Real GDP per capita",53,"1919-1929","expansion",1921,"1921-12-31",0.0326999999999997,302.553193331795,2,123.184335955563,1
"gdp_per_capita","Real GDP per capita",53,"1919-1929","expansion",1922,"1922-12-31",0.035383773864627,313.258667106668,3,127.543062642679,1
"gdp_per_capita","Real GDP per capita",53,"1919-1929","expansion",1923,"1923-12-31",0.0933874643830217,342.513099723765,4,139.453985862523,1
"gdp_per_capita","Real GDP per capita",53,"1919-1929","expansion",1924,"1924-12-31",0.195393265218429,409.437852658877,5,166.702355507927,1
"gdp_per_capita","Real GDP per capita",53,"1919-1929","expansion",1925,"1925-12-31",0.22788400411408,502.742189958652,6,204.691155776321,1
"gdp_per_capita","Real GDP per capita",53,"1919-1929","expansion",1926,"1926-12-31",0.216029674598329,611.349421662271,7,248.910519551836,1
"gdp_per_capita","Real GDP per capita",53,"1919-1929","expansion",1927,"1927-12-31",0.10768783384343,677.184316602515,8,275.715154223216,1
"gdp_per_capita","Real GDP per capita",53,"1919-1929","expansion",1928,"1928-12-31",0.233745592479138,835.47316590435,9,340.162356302599,1
"gdp_per_capita","Real GDP per capita",53,"1919-1929","expansion",1929,"1929-12-31",0.10815265759865,925.831809149263,10,376.951819151744,1
"gdp_per_capita","Real GDP per capita",54,"1929-1932","contraction",1929,"1929-12-31",NA,925.831809149263,0,100,1
"gdp_per_capita","Real GDP per capita",54,"1929-1932","contraction",1930,"1930-12-31",-0.03361204674456,894.712707102538,1,96.6387953255441,1
"gdp_per_capita","Real GDP per capita",54,"1929-1932","contraction",1931,"1931-12-31",-0.0507361555802708,849.318423995338,2,91.7357143708173,1
"gdp_per_capita","Real GDP per capita",54,"1929-1932","contraction",1932,"1932-12-31",-0.116638185009039,750.255464525785,3,81.0358271460976,1
"gdp_per_capita","Real GDP per capita",55,"1932-1935","expansion",1932,"1932-12-31",NA,750.255464525785,0,100,1
"gdp_per_capita","Real GDP per capita",55,"1932-1935","expansion",1933,"1933-12-31",0.0379503914246033,778.727953072986,1,103.79503914246,1
"gdp_per_capita","Real GDP per capita",55,"1932-1935","expansion",1934,"1934-12-31",0.100837758110738,857.25313403903,2,114.261498192602,1
"gdp_per_capita","Real GDP per capita",55,"1932-1935","expansion",1935,"1935-12-31",0.305465838510309,1119.11468144385,3,149.164482547449,1
"gdp_per_capita","Real GDP per capita",56,"1935-1936","contraction",1935,"1935-12-31",NA,1119.11468144385,0,100,1
"gdp_per_capita","Real GDP per capita",56,"1935-1936","contraction",1936,"1936-12-31",-0.0166909665251556,1100.43557575806,1,98.3309033474844,1
"gdp_per_capita","Real GDP per capita",57,"1936-1939","expansion",1936,"1936-12-31",NA,1100.43557575806,0,100,1
"gdp_per_capita","Real GDP per capita",57,"1936-1939","expansion",1937,"1937-12-31",0.13431466016824,1248.24020615305,1,113.431466016824,1
"gdp_per_capita","Real GDP per capita",57,"1936-1939","expansion",1938,"1938-12-31",0.0517963352257693,1312.89447431324,2,119.306800255783,1
"gdp_per_capita","Real GDP per capita",57,"1936-1939","expansion",1939,"1939-12-31",0.0250436215797802,1345.77410670212,3,122.294674613282,1
"gdp_per_capita","Real GDP per capita",58,"1939-1940","contraction",1939,"1939-12-31",NA,1345.77410670212,0,100,1
"gdp_per_capita","Real GDP per capita",58,"1939-1940","contraction",1940,"1940-12-31",-0.070884297040598,1250.3798551731,1,92.9115702959401,1
"gdp_per_capita","Real GDP per capita",59,"1940-1941","expansion",1940,"1940-12-31",NA,1250.3798551731,0,100,1
"gdp_per_capita","Real GDP per capita",59,"1940-1941","expansion",1941,"1941-12-31",0.0710434206797528,1339.21111723365,1,107.104342067975,1
"gdp_per_capita","Real GDP per capita",60,"1941-1942","contraction",1941,"1941-12-31",NA,1339.21111723365,0,100,1
"gdp_per_capita","Real GDP per capita",60,"1941-1942","contraction",1942,"1942-12-31",-0.225527749404567,1037.18184798637,1,77.4472250595434,1
"gdp_per_capita","Real GDP per capita",61,"1942-1948","expansion",1942,"1942-12-31",NA,1037.18184798637,0,100,1
"gdp_per_capita","Real GDP per capita",61,"1942-1948","expansion",1943,"1943-12-31",0.0701314602502148,1109.92092553067,1,107.013146025021,1
"gdp_per_capita","Real GDP per capita",61,"1942-1948","expansion",1944,"1944-12-31",0.291057997277928,1432.97228725249,2,138.160177989475,1
"gdp_per_capita","Real GDP per capita",61,"1942-1948","expansion",1945,"1945-12-31",0.184114061682762,1696.80263533739,3,163.597409521931,1
"gdp_per_capita","Real GDP per capita",61,"1942-1948","expansion",1946,"1946-12-31",0.132150538119526,1921.03601667985,4,185.216895225214,1
"gdp_per_capita","Real GDP per capita",61,"1942-1948","expansion",1947,"1947-12-31",0.107884117594117,2128.28529220588,5,205.198856530109,1
"gdp_per_capita","Real GDP per capita",61,"1942-1948","expansion",1948,"1948-12-31",0.0801912926461528,2298.95524090766,6,221.65401808477,1
"gdp_per_capita","Real GDP per capita",62,"1948-1950","contraction",1948,"1948-12-31",NA,2298.95524090766,0,100,1
"gdp_per_capita","Real GDP per capita",62,"1948-1950","contraction",1949,"1949-12-31",-0.0222701145635403,2247.7572443162,1,97.7729885436462,1
"gdp_per_capita","Real GDP per capita",62,"1948-1950","contraction",1950,"1950-12-31",-0.0444144224012409,2147.92440461169,2,93.430457731037,1
"gdp_per_capita","Real GDP per capita",63,"1950-1957","expansion",1950,"1950-12-31",NA,2147.92440461169,0,100,1
"gdp_per_capita","Real GDP per capita",63,"1950-1957","expansion",1951,"1951-12-31",0.0729292169641766,2304.57084953826,1,107.292921696417,1
"gdp_per_capita","Real GDP per capita",63,"1950-1957","expansion",1952,"1952-12-31",0.0296756025545428,2372.96037812795,2,110.476903797596,1
"gdp_per_capita","Real GDP per capita",63,"1950-1957","expansion",1953,"1953-12-31",0.0186633716845654,2417.2478196577,3,112.538775315731,1
"gdp_per_capita","Real GDP per capita",63,"1950-1957","expansion",1954,"1954-12-31",0.0517745521199782,2542.39974288347,4,118.365420003834,1
"gdp_per_capita","Real GDP per capita",63,"1950-1957","expansion",1955,"1955-12-31",0.0451169822359958,2657.10514691994,5,123.705710555503,1
"gdp_per_capita","Real GDP per capita",63,"1950-1957","expansion",1956,"1956-12-31",0.0615485813807255,2820.64619929229,6,131.319621548889,1
"gdp_per_capita","Real GDP per capita",63,"1950-1957","expansion",1957,"1957-12-31",0.071698842867308,3022.88326791961,7,140.735086459716,1
"gdp_per_capita","Real GDP per capita",64,"1957-1958","contraction",1957,"1957-12-31",NA,3022.88326791961,0,100,1
"gdp_per_capita","Real GDP per capita",64,"1957-1958","contraction",1958,"1958-12-31",-0.026583349737606,2942.52490479255,1,97.3416650262395,1
"gdp_per_capita","Real GDP per capita",65,"1958-1965","expansion",1958,"1958-12-31",NA,2942.52490479255,0,100,1
"gdp_per_capita","Real GDP per capita",65,"1958-1965","expansion",1959,"1959-12-31",0.0370570788727855,3051.56628227458,1,103.705707887278,1
"gdp_per_capita","Real GDP per capita",65,"1958-1965","expansion",1960,"1960-12-31",0.000804262656066257,3054.02054307793,2,103.789114515353,1
"gdp_per_capita","Real GDP per capita",65,"1958-1965","expansion",1961,"1961-12-31",0.0123463722592314,3091.72661759011,3,105.070533559616,1
"gdp_per_capita","Real GDP per capita",65,"1958-1965","expansion",1962,"1962-12-31",0.051613846546247,3251.30252079335,4,110.493627955294,1
"gdp_per_capita","Real GDP per capita",65,"1958-1965","expansion",1963,"1963-12-31",0.0311603442349817,3352.61422655333,5,113.936647438153,1
"gdp_per_capita","Real GDP per capita",65,"1958-1965","expansion",1964,"1964-12-31",0.0595399628361228,3552.22875300618,6,120.720431192293,1
"gdp_per_capita","Real GDP per capita",65,"1958-1965","expansion",1965,"1965-12-31",0.0225510023371767,3632.33507191741,7,123.442797918256,1
"gdp_per_capita","Real GDP per capita",66,"1965-1966","contraction",1965,"1965-12-31",NA,3632.33507191741,0,100,1
"gdp_per_capita","Real GDP per capita",66,"1965-1966","contraction",1966,"1966-12-31",-0.0107358845701276,3593.33874186527,1,98.926411542987,1
"gdp_per_capita","Real GDP per capita",67,"1966-1970","expansion",1966,"1966-12-31",NA,3593.33874186527,0,100,1
"gdp_per_capita","Real GDP per capita",67,"1966-1970","expansion",1967,"1967-12-31",0.00647060178570591,3616.58980594503,1,100.647060178571,1
"gdp_per_capita","Real GDP per capita",67,"1966-1970","expansion",1968,"1968-12-31",0.0179912794982204,3681.65688397421,2,102.457829568918,1
"gdp_per_capita","Real GDP per capita",67,"1966-1970","expansion",1969,"1969-12-31",0.00759610332435834,3709.62313006971,3,103.236109828713,1
"gdp_per_capita","Real GDP per capita",67,"1966-1970","expansion",1970,"1970-12-31",0.040232313677218,3858.86985146294,4,107.389537382157,1
"gdp_per_capita","Real GDP per capita",68,"1970-1972","contraction",1970,"1970-12-31",NA,3858.86985146294,0,100,1
"gdp_per_capita","Real GDP per capita",68,"1970-1972","contraction",1971,"1971-12-31",-0.00495855464066164,3839.73543445326,1,99.5041445359339,1
"gdp_per_capita","Real GDP per capita",68,"1970-1972","contraction",1972,"1972-12-31",-0.0036453506311025,3825.738252464,2,99.1414170398522,1
"gdp_per_capita","Real GDP per capita",69,"1972-1977","expansion",1972,"1972-12-31",NA,3825.738252464,0,100,1
"gdp_per_capita","Real GDP per capita",69,"1972-1977","expansion",1973,"1973-12-31",0.0251498985515908,3921.95518139841,1,102.514989855159,1
"gdp_per_capita","Real GDP per capita",69,"1972-1977","expansion",1974,"1974-12-31",0.0234840766190003,4014.05867737466,2,104.922459731514,1
"gdp_per_capita","Real GDP per capita",69,"1972-1977","expansion",1975,"1975-12-31",0.0239860661274527,4110.34015424964,3,107.439136788889,1
"gdp_per_capita","Real GDP per capita",69,"1972-1977","expansion",1976,"1976-12-31",0.0500894847889812,4316.22497488347,4,112.820707796817,1
"gdp_per_capita","Real GDP per capita",69,"1972-1977","expansion",1977,"1977-12-31",0.0301992355472374,4446.57166957485,5,116.227806926179,1
"gdp_per_capita","Real GDP per capita",70,"1977-1985","contraction",1977,"1977-12-31",NA,4446.57166957485,0,100,1
"gdp_per_capita","Real GDP per capita",70,"1977-1985","contraction",1978,"1978-12-31",-0.0134914023234711,4386.58118222046,1,98.6508597676527,1
"gdp_per_capita","Real GDP per capita",70,"1977-1985","contraction",1979,"1979-12-31",-0.0201218855671642,4298.31489764075,2,96.6658184563058,1
"gdp_per_capita","Real GDP per capita",70,"1977-1985","contraction",1980,"1980-12-31",-0.050694823640753,4080.41258195243,3,91.7653618375743,1
"gdp_per_capita","Real GDP per capita",70,"1977-1985","contraction",1981,"1981-12-31",-0.0326859480124644,3947.04042842933,4,88.7659239912064,1
"gdp_per_capita","Real GDP per capita",70,"1977-1985","contraction",1982,"1982-12-31",-0.0219223251949718,3860.5121245996,5,86.819968539239,1
"gdp_per_capita","Real GDP per capita",70,"1977-1985","contraction",1983,"1983-12-31",-0.0776565001940626,3560.71826404645,6,80.0778336355231,1
"gdp_per_capita","Real GDP per capita",70,"1977-1985","contraction",1984,"1984-12-31",-0.0372595399914271,3428.047539489,7,77.0941703907533,1
"gdp_per_capita","Real GDP per capita",70,"1977-1985","contraction",1985,"1985-12-31",-0.0228938555821698,3349.56631419113,8,75.3291875876003,1
"gdp_per_capita","Real GDP per capita",71,"1985-1988","expansion",1985,"1985-12-31",NA,3349.56631419113,0,100,1
"gdp_per_capita","Real GDP per capita",71,"1985-1988","expansion",1986,"1986-12-31",0.0376832848734612,3475.78897581134,1,103.768328487346,1
"gdp_per_capita","Real GDP per capita",71,"1985-1988","expansion",1987,"1987-12-31",0.00880502537565864,3506.3933859438,2,104.682011252867,1
"gdp_per_capita","Real GDP per capita",71,"1985-1988","expansion",1988,"1988-12-31",0.030763285361421,3614.26156626499,3,107.902373837246,1
"gdp_per_capita","Real GDP per capita",72,"1988-1989","contraction",1988,"1988-12-31",NA,3614.26156626499,0,100,1
"gdp_per_capita","Real GDP per capita",72,"1988-1989","contraction",1989,"1989-12-31",-0.108903108176657,3220.6572479353,1,89.1096891823343,1
"gdp_per_capita","Real GDP per capita",73,"1989-1992","expansion",1989,"1989-12-31",NA,3220.6572479353,0,100,1
"gdp_per_capita","Real GDP per capita",73,"1989-1992","expansion",1990,"1990-12-31",0.0386626385347384,3345.1763549565,1,103.866263853474,1
"gdp_per_capita","Real GDP per capita",73,"1989-1992","expansion",1991,"1991-12-31",0.0714658154907406,3584.24211112381,2,111.289151101739,1
"gdp_per_capita","Real GDP per capita",73,"1989-1992","expansion",1992,"1992-12-31",0.0362570461465639,3714.19614274729,3,115.324166988846,1
"gdp_per_capita","Real GDP per capita",74,"1992-1994","contraction",1992,"1992-12-31",NA,3714.19614274729,0,100,1
"gdp_per_capita","Real GDP per capita",74,"1992-1994","contraction",1993,"1993-12-31",-0.0197102575523784,3640.98838017369,1,98.0289742447621,1
"gdp_per_capita","Real GDP per capita",74,"1992-1994","contraction",1994,"1994-12-31",-0.0448592213318202,3477.65647656089,2,93.631470792185,1
"gdp_per_capita","Real GDP per capita",75,"1994-1995","expansion",1994,"1994-12-31",NA,3477.65647656089,0,100,1
"gdp_per_capita","Real GDP per capita",75,"1994-1995","expansion",1995,"1995-12-31",0.0172901120142841,3537.78554658783,1,101.729011201428,1
"gdp_per_capita","Real GDP per capita",76,"1995-1996","contraction",1995,"1995-12-31",NA,3537.78554658783,0,100,1
"gdp_per_capita","Real GDP per capita",76,"1995-1996","contraction",1996,"1996-12-31",-0.0228502725204724,3456.94618272931,1,97.7149727479528,1
"gdp_per_capita","Real GDP per capita",77,"1996-1997","expansion",1996,"1996-12-31",NA,3456.94618272931,0,100,1
"gdp_per_capita","Real GDP per capita",77,"1996-1997","expansion",1997,"1997-12-31",0.041629761205229,3600.85802681566,1,104.162976120523,1
"gdp_per_capita","Real GDP per capita",78,"1997-1999","contraction",1997,"1997-12-31",NA,3600.85802681566,0,100,1
"gdp_per_capita","Real GDP per capita",78,"1997-1999","contraction",1998,"1998-12-31",-0.0170189803511716,3539.57509480992,1,98.2981019648827,1
"gdp_per_capita","Real GDP per capita",78,"1997-1999","contraction",1999,"1999-12-31",-0.0201609029563796,3468.21406481664,2,96.3163234703724,1
"gdp_per_capita","Real GDP per capita",79,"1999-2001","expansion",1999,"1999-12-31",NA,3468.21406481664,0,100,1
"gdp_per_capita","Real GDP per capita",79,"1999-2001","expansion",2000,"2000-12-31",0.0112754910121291,3507.31988133262,1,101.127549101213,1
"gdp_per_capita","Real GDP per capita",79,"1999-2001","expansion",2001,"2001-12-31",0.0149596413732205,3559.78812893853,2,102.64038096872,1
"gdp_per_capita","Real GDP per capita",80,"2001-2003","contraction",2001,"2001-12-31",NA,3559.78812893853,0,100,1
"gdp_per_capita","Real GDP per capita",80,"2001-2003","contraction",2002,"2002-12-31",-0.104975851152872,3186.09634017931,1,89.5024148847126,1
"gdp_per_capita","Real GDP per capita",80,"2001-2003","contraction",2003,"2003-12-31",-0.0938522211668731,2887.07412180184,2,81.1024144479834,1
"gdp_per_capita","Real GDP per capita",81,"2003-2008","expansion",2003,"2003-12-31",NA,2887.07412180184,0,100,1
"gdp_per_capita","Real GDP per capita",81,"2003-2008","expansion",2004,"2004-12-31",0.16232109070819,3355.7071422081,1,116.232109070819,1
"gdp_per_capita","Real GDP per capita",81,"2003-2008","expansion",2005,"2005-12-31",0.0844971877650571,3639.25495868781,2,126.053395415305,1
"gdp_per_capita","Real GDP per capita",81,"2003-2008","expansion",2006,"2006-12-31",0.0803000535072891,3931.4873265971,3,136.175489811929,1
"gdp_per_capita","Real GDP per capita",81,"2003-2008","expansion",2007,"2007-12-31",0.0696269689889109,4205.22487276638,4,145.656976418114,1
"gdp_per_capita","Real GDP per capita",81,"2003-2008","expansion",2008,"2008-12-31",0.0160691103412982,4272.79909525683,5,147.997554444156,1
"gdp_per_capita","Real GDP per capita",82,"2008-2010","contraction",2008,"2008-12-31",NA,4272.79909525683,0,100,1
"gdp_per_capita","Real GDP per capita",82,"2008-2010","contraction",2009,"2009-12-31",-0.0561411650613464,4032.91917597605,1,94.3858834938655,1
"gdp_per_capita","Real GDP per capita",82,"2008-2010","contraction",2010,"2010-12-31",-0.0220169025144044,3944.12678763011,2,92.3077986982451,1
"gdp_per_capita","Real GDP per capita",83,"2010-2012","expansion",2010,"2010-12-31",NA,3944.12678763011,0,100,1
"gdp_per_capita","Real GDP per capita",83,"2010-2012","expansion",2011,"2011-12-31",0.0118288116009122,3990.7811203311,1,101.182881160091,1
"gdp_per_capita","Real GDP per capita",83,"2010-2012","expansion",2012,"2012-12-31",0.0270599757452983,4098.77156065205,2,103.920887470123,1
"gdp_per_capita","Real GDP per capita",84,"2012-2020","contraction",2012,"2012-12-31",NA,4098.77156065205,0,100,1
"gdp_per_capita","Real GDP per capita",84,"2012-2020","contraction",2013,"2013-12-31",-0.0136183574219646,4042.95302454811,1,98.6381642578036,1
"gdp_per_capita","Real GDP per capita",84,"2012-2020","contraction",2014,"2014-12-31",-0.0229047486228893,3950.35020182668,2,96.3788819008552,1
"gdp_per_capita","Real GDP per capita",84,"2012-2020","contraction",2015,"2015-12-31",-0.0530615832564492,3740.73836570033,3,91.2648658347097,1
"gdp_per_capita","Real GDP per capita",84,"2012-2020","contraction",2016,"2016-12-31",-0.174954528795905,3086.27924758046,4,75.2976642369764,1
"gdp_per_capita","Real GDP per capita",84,"2012-2020","contraction",2017,"2017-12-31",-0.138590422232047,2658.55050353228,5,64.862129157287,1
"gdp_per_capita","Real GDP per capita",84,"2012-2020","contraction",2018,"2018-12-31",-0.193976712359702,2142.85361721486,6,52.2803865867061,1
"gdp_per_capita","Real GDP per capita",84,"2012-2020","contraction",2019,"2019-12-31",-0.268578796282625,1567.32857209342,7,38.2389832880582,1
"gdp_per_capita","Real GDP per capita",84,"2012-2020","contraction",2020,"2020-12-31",-0.32043696745137,1065.09855745192,8,25.9857994448093,1
"gdp_per_capita","Real GDP per capita",85,"2020-2022","expansion",2020,"2020-12-31",NA,1065.09855745192,0,100,1
"gdp_per_capita","Real GDP per capita",85,"2020-2022","expansion",2021,"2021-12-31",0.0184910884120359,1084.7933890453,1,101.849108841204,1
"gdp_per_capita","Real GDP per capita",85,"2020-2022","expansion",2022,"2022-12-31",0.0751879402523308,1166.35676956696,2,109.506933551509,1
"gdp_per_capita","Real GDP per capita",86,"2022-2023","contraction",2022,"2022-12-31",NA,1166.35676956696,0,100,1
"gdp_per_capita","Real GDP per capita",86,"2022-2023","contraction",2023,"2023-12-31",-0.00953842933745186,1155.23155793819,1,99.0461570662551,1
"gdp_per_capita","Real GDP per capita",87,"2023-2025","expansion",2023,"2023-12-31",NA,1155.23155793819,0,100,1
"gdp_per_capita","Real GDP per capita",87,"2023-2025","expansion",2024,"2024-12-31",0.043893891801329,1205.9391669478,1,104.389389180132,1
"gdp_per_capita","Real GDP per capita",87,"2023-2025","expansion",2025,"2025-12-31",0.00306785847239466,1209.63881763832,2,104.709641052157,1
