"indicator_id","country","country_code","year","indicator_value","population","gdp_per_capita","gdp_population","highlight_group"
"life_expectancy","Afghanistan","AFG",2023,66.035,41454762,2203.518,41455000,"Resto del mundo"
"life_expectancy","Albania","ALB",2023,79.602,2811660,20252.255,2750000,"Resto del mundo"
"life_expectancy","Algeria","DZA",2023,76.261,46164222,16908.206,45973000,"Resto del mundo"
"life_expectancy","Angola","AGO",2023,64.617,36749909,9610.864,36750000,"Resto del mundo"
"life_expectancy","Argentina","ARG",2023,77.395,45538402,29522.706,46655000,"LatAm emergente"
"life_expectancy","Armenia","ARM",2023,75.683,2943398,21061.964,3034000,"Resto del mundo"
"life_expectancy","Australia","AUS",2023,83.923,26451126,68360.691,26957000,"Resto del mundo"
"life_expectancy","Austria","AUT",2023,81.956,9130434,72589.865,9105000,"Resto del mundo"
"life_expectancy","Azerbaijan","AZE",2023,74.429,10318209,23733.811,10127000,"Resto del mundo"
"life_expectancy","Bahrain","BHR",2023,81.284,1569674,64223.768,1577000,"Resto del mundo"
"life_expectancy","Bangladesh","BGD",2023,74.672,171466986,9219.193,170279000,"Resto del mundo"
"life_expectancy","Barbados","BRB",2023,76.178,282347,22535.359,290000,"LatAm emergente"
"life_expectancy","Belarus","BLR",2023,74.434,9115679,30258.438,9178000,"Resto del mundo"
"life_expectancy","Belgium","BEL",2023,82.115,11712891,71704.946,11743000,"Resto del mundo"
"life_expectancy","Benin","BEN",2023,60.774,14111035,4133.373,14111000,"Resto del mundo"
"life_expectancy","Bolivia","BOL",2023,68.581,12244161,12902.717,12244000,"LatAm emergente"
"life_expectancy","Bosnia and Herzegovina","BIH",2023,77.85,3185072,20512.37,3464000,"Resto del mundo"
"life_expectancy","Botswana","BWA",2023,69.163,2480242,21029.368,2480000,"Resto del mundo"
"life_expectancy","Brazil","BRA",2023,75.848,211140731,21137.486,211695000,"LatAm emergente"
"life_expectancy","Bulgaria","BGR",2023,75.636,6795805,37035.155,6445000,"Resto del mundo"
"life_expectancy","Burkina Faso","BFA",2023,61.092,23025777,2761.569,23026000,"Resto del mundo"
"life_expectancy","Burundi","BDI",2023,63.651,13689455,921.429,13689000,"Resto del mundo"
"life_expectancy","Cambodia","KHM",2023,70.668,17423884,7336.094,17424000,"Resto del mundo"
"life_expectancy","Cameroon","CMR",2023,63.7,28372690,5415.209,28373000,"Resto del mundo"
"life_expectancy","Canada","CAN",2023,82.63,39299098,63796.961,39936000,"Resto del mundo"
"life_expectancy","Cape Verde","CPV",2023,76.059,522335,10517.425,509000,"Resto del mundo"
"life_expectancy","Central African Republic","CAF",2023,57.408,5152415,1374.42,5065000,"Resto del mundo"
"life_expectancy","Chad","TCD",2023,55.069,19319075,2973.007,17921000,"Resto del mundo"
"life_expectancy","Chile","CHL",2023,81.167,19658833,32673.422,19756000,"LatAm emergente"
"life_expectancy","China","CHN",2023,77.953,1422584930,25188.583,1409670000,"Resto del mundo"
"life_expectancy","Colombia","COL",2023,77.725,52321152,20860.036,52216000,"LatAm emergente"
"life_expectancy","Comoros","COM",2023,66.777,850390,3728.631,870000,"Resto del mundo"
"life_expectancy","Congo","COG",2023,65.772,6182890,6257.285,6138000,"Resto del mundo"
"life_expectancy","Costa Rica","CRI",2023,80.799,5105526,28683.678,5278000,"LatAm emergente"
"life_expectancy","Cote d'Ivoire","CIV",2023,61.944,31165653,7259.853,31094000,"Resto del mundo"
"life_expectancy","Croatia","HRV",2023,78.58,3896023,45873.246,3860000,"Resto del mundo"
"life_expectancy","Cyprus","CYP",2023,81.648,1344981,59029.562,949000,"Resto del mundo"
"life_expectancy","Czechia","CZE",2023,79.834,10809722,55325.293,10851000,"Resto del mundo"
"life_expectancy","Democratic Republic of Congo","COD",2023,61.895,105789733,1833.281,99948000,"Resto del mundo"
"life_expectancy","Denmark","DNK",2023,81.933,5948134,77512.855,5933000,"Resto del mundo"
"life_expectancy","Djibouti","DJI",2023,65.987,1152951,8097.334,1030000,"Resto del mundo"
"life_expectancy","Dominica","DMA",2023,71.132,66531,17279.767,74000,"LatAm emergente"
"life_expectancy","Dominican Republic","DOM",2023,73.72,11331269,27363.748,10709000,"LatAm emergente"
"life_expectancy","Ecuador","ECU",2023,77.392,17980079,16036.875,17835000,"LatAm emergente"
"life_expectancy","Egypt","EGY",2023,71.633,114535772,20197.388,105200000,"Resto del mundo"
"life_expectancy","El Salvador","SLV",2023,72.099,6309629,12690.042,6310000,"LatAm emergente"
"life_expectancy","Equatorial Guinea","GNQ",2023,63.707,1847556,20848.963,1544000,"Resto del mundo"
"life_expectancy","Estonia","EST",2023,79.153,1367195,46698.803,1370000,"Resto del mundo"
"life_expectancy","Eswatini","SWZ",2023,64.123,1230507,12228.549,1138000,"Resto del mundo"
"life_expectancy","Ethiopia","ETH",2023,67.315,128691695,3786.734,105707000,"Resto del mundo"
"life_expectancy","Finland","FIN",2023,81.91,5601185,63099.902,5564000,"Resto del mundo"
"life_expectancy","France","FRA",2023,83.325,66438828,62028.944,68405000,"Resto del mundo"
"life_expectancy","Gabon","GAB",2023,68.337,2484790,23364.777,2209000,"Resto del mundo"
"life_expectancy","Gambia","GMB",2023,65.86,2697846,3266.493,2719000,"Resto del mundo"
"life_expectancy","Georgia","GEO",2023,74.496,3807494,24952.269,3736000,"Resto del mundo"
"life_expectancy","Germany","DEU",2023,81.378,84548233,70601.01,83287000,"Resto del mundo"
"life_expectancy","Ghana","GHA",2023,65.498,33787916,7562.626,33788000,"Resto del mundo"
"life_expectancy","Greece","GRC",2023,81.857,10242910,40795.65,10414000,"Resto del mundo"
"life_expectancy","Guatemala","GTM",2023,72.602,18124841,13756.657,18125000,"LatAm emergente"
"life_expectancy","Guinea","GIN",2023,60.74,14405469,4181.479,15041000,"Resto del mundo"
"life_expectancy","Guinea-Bissau","GNB",2023,64.085,2153343,2957.008,1937000,"Resto del mundo"
"life_expectancy","Haiti","HTI",2023,64.936,11637402,3135.553,12227000,"LatAm emergente"
"life_expectancy","Honduras","HND",2023,72.884,10644853,7184.244,10645000,"LatAm emergente"
"life_expectancy","Hong Kong","HKG",2023,85.511,7442738,71596.896,7528000,"Resto del mundo"
"life_expectancy","Hungary","HUN",2023,77.024,9686465,45142.17,9600000,"Resto del mundo"
"life_expectancy","Iceland","ISL",2023,82.691,387559,79454.085,375000,"Resto del mundo"
"life_expectancy","India","IND",2023,72.003,1438069597,9879.524,1438070000,"Resto del mundo"
"life_expectancy","Indonesia","IDN",2023,71.146,281190068,15566.405,278696000,"Resto del mundo"
"life_expectancy","Iran","IRN",2023,77.654,90608708,20104.085,85329000,"Resto del mundo"
"life_expectancy","Iraq","IRQ",2023,72.324,45074055,15360.427,43324000,"Resto del mundo"
"life_expectancy","Ireland","IRL",2023,82.412,5196629,129607.63,5329000,"Resto del mundo"
"life_expectancy","Israel","ISR",2023,82.408,9256311,53074.32,9845000,"Resto del mundo"
"life_expectancy","Italy","ITA",2023,83.716,59499452,59435.719,58997000,"Resto del mundo"
"life_expectancy","Jamaica","JAM",2023,71.479,2839785,13091.025,2747000,"LatAm emergente"
"life_expectancy","Japan","JPN",2023,84.712,124370947,52927.939,124482000,"Resto del mundo"
"life_expectancy","Jordan","JOR",2023,77.814,11439220,11450.536,11439000,"Resto del mundo"
"life_expectancy","Kazakhstan","KAZ",2023,74.402,20330109,39379.309,19900000,"Resto del mundo"
"life_expectancy","Kenya","KEN",2023,63.646,55339007,6788.376,51539000,"Resto del mundo"
"life_expectancy","Kuwait","KWT",2023,80.405,4838781,52437.667,4913000,"Resto del mundo"
"life_expectancy","Kyrgyzstan","KGZ",2023,71.677,7073523,7481.737,6931000,"Resto del mundo"
"life_expectancy","Laos","LAO",2023,68.964,7665001,9257.759,7582000,"Resto del mundo"
"life_expectancy","Latvia","LVA",2023,76.19,1882399,39953.176,1883000,"Resto del mundo"
"life_expectancy","Lebanon","LBN",2023,77.817,5773494,12930.677,5354000,"Resto del mundo"
"life_expectancy","Lesotho","LSO",2023,57.375,2311476,2932.819,2311000,"Resto del mundo"
"life_expectancy","Liberia","LBR",2023,62.163,5493035,1791.908,5493000,"Resto del mundo"
"life_expectancy","Libya","LBY",2023,69.339,7305659,13843.587,7306000,"Resto del mundo"
"life_expectancy","Lithuania","LTU",2023,76.025,2854104,52136.138,2872000,"Resto del mundo"
"life_expectancy","Luxembourg","LUX",2023,82.229,665101,148310.782,661000,"Resto del mundo"
"life_expectancy","Madagascar","MDG",2023,63.632,31195937,1897.019,29766000,"Resto del mundo"
"life_expectancy","Malawi","MWI",2023,67.353,21104480,1701.036,22729000,"Resto del mundo"
"life_expectancy","Malaysia","MYS",2023,76.657,35126295,38778.951,33059000,"Resto del mundo"
"life_expectancy","Mali","MLI",2023,60.439,23769130,3184.146,23769000,"Resto del mundo"
"life_expectancy","Malta","MLT",2023,83.299,532964,70236.003,542000,"Resto del mundo"
"life_expectancy","Mauritania","MRT",2023,68.484,5022442,7903.79,4430000,"Resto del mundo"
"life_expectancy","Mauritius","MUS",2023,74.926,1273591,29242.203,1248000,"Resto del mundo"
"life_expectancy","Mexico","MEX",2023,75.069,129739761,24316.159,131135000,"LatAm emergente"
"life_expectancy","Moldova","MDA",2023,71.198,3067072,17515.689,2492000,"Resto del mundo"
"life_expectancy","Mongolia","MNG",2023,71.734,3431938,17898.326,3505000,"Resto del mundo"
"life_expectancy","Montenegro","MNE",2023,77.087,633553,30817.503,624000,"Resto del mundo"
"life_expectancy","Morocco","MAR",2023,75.313,37712516,10242.547,37022000,"Resto del mundo"
"life_expectancy","Mozambique","MOZ",2023,63.611,33635163,1667.208,33897000,"Resto del mundo"
"life_expectancy","Myanmar","MMR",2023,66.889,54133800,4998.391,54134000,"Resto del mundo"
"life_expectancy","Namibia","NAM",2023,67.385,2963102,11395.305,2928000,"Resto del mundo"
"life_expectancy","Nepal","NPL",2023,70.354,29694614,5399.641,29695000,"Resto del mundo"
"life_expectancy","Netherlands","NLD",2023,82.158,18092526,79115.736,17811000,"Resto del mundo"
"life_expectancy","New Zealand","NZL",2023,82.088,5172837,54312.306,5199000,"Resto del mundo"
"life_expectancy","Nicaragua","NIC",2023,74.947,6823619,8525.745,6664000,"LatAm emergente"
"life_expectancy","Niger","NER",2023,61.183,26159863,1825.829,27066000,"Resto del mundo"
"life_expectancy","Nigeria","NGA",2023,54.462,227882949,8711.664,227883000,"Resto del mundo"
"life_expectancy","North Macedonia","MKD",2023,77.395,1831800,26321.634,1828000,"Resto del mundo"
"life_expectancy","Norway","NOR",2023,83.308,5519167,104815.989,5534000,"Resto del mundo"
"life_expectancy","Oman","OMN",2023,80.031,5049267,41029.993,5166000,"Resto del mundo"
"life_expectancy","Pakistan","PAK",2023,67.649,247504505,6535.815,231450000,"Resto del mundo"
"life_expectancy","Panama","PAN",2023,79.594,4458758,39899.217,4453000,"LatAm emergente"
"life_expectancy","Paraguay","PRY",2023,73.844,6844150,19022.892,6327000,"LatAm emergente"
"life_expectancy","Peru","PER",2023,77.74,33845616,17364.957,33731000,"LatAm emergente"
"life_expectancy","Philippines","PHL",2023,69.833,114891199,11287.754,111910000,"Resto del mundo"
"life_expectancy","Poland","POL",2023,78.633,38762847,49265.369,36754000,"Resto del mundo"
"life_expectancy","Portugal","PRT",2023,82.36,10430735,46639.683,10578000,"Resto del mundo"
"life_expectancy","Puerto Rico","PRI",2023,81.69,3242022,47444.138,3206000,"LatAm emergente"
"life_expectancy","Qatar","QAT",2023,82.368,2979086,112271.291,3063000,"Resto del mundo"
"life_expectancy","Romania","ROU",2023,75.938,19118482,44975.803,19055000,"Resto del mundo"
"life_expectancy","Russia","RUS",2023,73.154,145440502,44560.077,145441000,"Resto del mundo"
"life_expectancy","Rwanda","RWA",2023,67.785,13954473,3637.187,13499000,"Resto del mundo"
"life_expectancy","Saint Lucia","LCA",2023,72.697,179291,26333.41,179000,"LatAm emergente"
"life_expectancy","Sao Tome and Principe","STP",2023,69.718,230882,6155.021,231000,"Resto del mundo"
"life_expectancy","Saudi Arabia","SAU",2023,78.732,33264289,71623.601,33703000,"Resto del mundo"
"life_expectancy","Senegal","SEN",2023,68.683,18077573,4759.379,18162000,"Resto del mundo"
"life_expectancy","Serbia","SRB",2023,76.769,6773204,28907.095,6623000,"Resto del mundo"
"life_expectancy","Seychelles","SYC",2023,72.862,127961,31516.039,121000,"Resto del mundo"
"life_expectancy","Sierra Leone","SLE",2023,61.786,8460523,3371.104,8461000,"Resto del mundo"
"life_expectancy","Singapore","SGP",2023,83.736,5789092,144728.013,5918000,"Resto del mundo"
"life_expectancy","Slovakia","SVK",2023,78.341,5518057,43953.548,5429000,"Resto del mundo"
"life_expectancy","Slovenia","SVN",2023,81.603,2118394,53808.099,2117000,"Resto del mundo"
"life_expectancy","South Africa","ZAF",2023,66.139,63212386,15615.889,61578000,"Resto del mundo"
"life_expectancy","South Korea","KOR",2023,84.329,51748744,60201.551,51713000,"Resto del mundo"
"life_expectancy","Spain","ESP",2023,83.67,47911583,52045.408,48628000,"Resto del mundo"
"life_expectancy","Sri Lanka","LKA",2023,77.483,22971615,14467.53,22037000,"Resto del mundo"
"life_expectancy","Sudan","SDN",2023,66.331,50042800,3064.929,47895000,"Resto del mundo"
"life_expectancy","Sweden","SWE",2023,83.262,10551493,69335.934,10552000,"Resto del mundo"
"life_expectancy","Switzerland","CHE",2023,83.954,8870564,96601.424,8815000,"Resto del mundo"
"life_expectancy","Taiwan","TWN",2023,80.559,23317145,74453.656,23420000,"Resto del mundo"
"life_expectancy","Tajikistan","TJK",2023,71.79,10389807,5152.167,10013000,"Resto del mundo"
"life_expectancy","Tanzania","TZA",2023,66.995,66617607,3926.279,63729000,"Resto del mundo"
"life_expectancy","Thailand","THA",2023,76.412,71702436,23607.092,71702000,"Resto del mundo"
"life_expectancy","Togo","TGO",2023,62.74,8223853,3151.732,9320000,"Resto del mundo"
"life_expectancy","Trinidad and Tobago","TTO",2023,73.49,1502938,33342.139,1421000,"LatAm emergente"
"life_expectancy","Tunisia","TUN",2023,76.508,12200434,13971.391,12200000,"Resto del mundo"
"life_expectancy","Turkey","TUR",2023,77.156,87270502,39325.253,85326000,"Resto del mundo"
"life_expectancy","Turkmenistan","TKM",2023,70.073,7364437,21179.858,6516000,"Resto del mundo"
"life_expectancy","Uganda","UGA",2023,68.252,48656606,3494.925,45222000,"Resto del mundo"
"life_expectancy","Ukraine","UKR",2023,73.422,37732833,18321.109,34026000,"Resto del mundo"
"life_expectancy","United Arab Emirates","ARE",2023,82.909,10642089,76596.069,10679000,"Resto del mundo"
"life_expectancy","United Kingdom","GBR",2023,81.302,68682965,61552.285,68526000,"Resto del mundo"
"life_expectancy","United States","USA",2023,79.304,343477330,82536.095,336962000,"Resto del mundo"
"life_expectancy","Uruguay","URY",2023,78.138,3388083,33475.364,3496000,"LatAm emergente"
"life_expectancy","Uzbekistan","UZB",2023,72.388,35652311,11314.432,36800000,"Resto del mundo"
"life_expectancy","Venezuela","VEN",2023,72.514,28300861,7888.601,26740000,"Venezuela"
"life_expectancy","Vietnam","VNM",2023,74.588,100352189,15052.708,100309000,"Resto del mundo"
"life_expectancy","Yemen","YEM",2023,69.295,39390800,1633.774,17726000,"Resto del mundo"
"life_expectancy","Zambia","ZMB",2023,66.349,20723967,4080.345,20724000,"Resto del mundo"
"life_expectancy","Zimbabwe","ZWE",2023,62.775,16340829,7231.518,16624000,"Resto del mundo"
"daily_income","Armenia","ARM",2006,7.91986846923828,2990371,6816.706,3107000,"Resto del mundo"
"daily_income","Austria","AUT",2006,67.7436752319336,8269901,42341.114,8268000,"Resto del mundo"
"daily_income","Belarus","BLR",2006,11.1340885162354,9608041,11084.201,9605000,"Resto del mundo"
"daily_income","Belgium","BEL",2006,60.243408203125,10548445,40107.805,10511000,"Resto del mundo"
"daily_income","Bolivia","BOL",2006,16.8822078704834,9521685,6019.367,9522000,"LatAm emergente"
"daily_income","Brazil","BRA",2006,17.355037689209,186653099,10761.746,187535000,"LatAm emergente"
"daily_income","Bulgaria","BGR",2006,12.2997713088989,7640292,13236.675,7679000,"Resto del mundo"
"daily_income","Burundi","BDI",2006,2.2464439868927,7865545,693.186,7866000,"Resto del mundo"
"daily_income","Canada","CAN",2006,64.0493240356445,32759174,38218.881,32529000,"Resto del mundo"
"daily_income","Chile","CHL",2006,18.1581764221191,16509195,16236.971,16357000,"LatAm emergente"
"daily_income","Costa Rica","CRI",2006,20.3082065582275,4321337,12787.714,4279000,"LatAm emergente"
"daily_income","Cyprus","CYP",2006,58.5035285949707,1054424,32960.062,744000,"Resto del mundo"
"daily_income","Czechia","CZE",2006,32.94677734375,10304592,27708.888,10224000,"Resto del mundo"
"daily_income","Denmark","DNK",2006,61.8025207519531,5437425,45063.654,5427000,"Resto del mundo"
"daily_income","Dominican Republic","DOM",2006,16.2319946289062,9341187,9693.236,9071000,"LatAm emergente"
"daily_income","Ecuador","ECU",2006,14.780797958374,14086138,7774.403,13852000,"LatAm emergente"
"daily_income","El Salvador","SLV",2006,10.7684593200684,6002321,6295.61,6002000,"LatAm emergente"
"daily_income","Estonia","EST",2006,24.6551380157471,1346885,24439.444,1347000,"Resto del mundo"
"daily_income","Finland","FIN",2006,56.7459335327148,5266248,39089.36,5256000,"Resto del mundo"
"daily_income","France","FRA",2006,53.6593971252441,62049831,35705.493,63186000,"Resto del mundo"
"daily_income","Georgia","GEO",2006,6.18611335754395,3996584,6575.654,3888000,"Resto del mundo"
"daily_income","Germany","DEU",2006,64.7514495849609,81701971,39736.308,81174000,"Resto del mundo"
"daily_income","Greece","GRC",2006,42.2818641662598,11016107,30553.239,11005000,"Resto del mundo"
"daily_income","Guatemala","GTM",2006,18.0220375061035,13367455,6854.68,13367000,"LatAm emergente"
"daily_income","Honduras","HND",2006,11.104941368103,7656832,4077.369,7657000,"LatAm emergente"
"daily_income","Hungary","HUN",2006,20.93630027771,10049946,21341.758,10077000,"Resto del mundo"
"daily_income","Iceland","ISL",2006,65.8687438964844,303883,44330.528,3e+05,"Resto del mundo"
"daily_income","Indonesia","IDN",2006,3.81022810935974,233951650,5820.651,224555000,"Resto del mundo"
"daily_income","Iran","IRN",2006,15.2943506240845,73392747,12092.687,70496000,"Resto del mundo"
"daily_income","Iraq","IRQ",2006,11.6209735870361,28616518,6437.552,28064000,"Resto del mundo"
"daily_income","Israel","ISR",2006,31.668815612793,6844029,26804.366,7052000,"Resto del mundo"
"daily_income","Italy","ITA",2006,56.3218612670898,58754434,38007.707,58289000,"Resto del mundo"
"daily_income","Jordan","JOR",2006,15.4452848434448,6427377,9447.79,6076000,"Resto del mundo"
"daily_income","Kazakhstan","KAZ",2006,9.33475589752197,16103718,15228.629,15308000,"Resto del mundo"
"daily_income","Kyrgyzstan","KGZ",2006,5.86446571350098,5282451,3053.315,5189000,"Resto del mundo"
"daily_income","Latvia","LVA",2006,20.8944053649902,2219039,18516.215,2228000,"Resto del mundo"
"daily_income","Lithuania","LTU",2006,22.6917514801025,3269809,19045.533,3270000,"Resto del mundo"
"daily_income","Malaysia","MYS",2006,20.6857242584229,26417909,15864.622,26832000,"Resto del mundo"
"daily_income","Mali","MLI",2006,3.19661450386047,13990143,1899.737,13990000,"Resto del mundo"
"daily_income","Malta","MLT",2006,37.4097442626953,415463,24924.842,405000,"Resto del mundo"
"daily_income","Mauritius","MUS",2006,13.9786081314087,1263785,12524.3,1234000,"Resto del mundo"
"daily_income","Mexico","MEX",2006,14.3051328659058,107253666,16486.01,107886000,"LatAm emergente"
"daily_income","Moldova","MDA",2006,11.5507678985596,3921320,6188.809,2890000,"Resto del mundo"
"daily_income","Morocco","MAR",2006,9.04043960571289,30771179,5310.116,30606000,"Resto del mundo"
"daily_income","Netherlands","NLD",2006,63.8984298706055,16493851,43357.67,16334000,"Resto del mundo"
"daily_income","Norway","NOR",2006,64.8908157348633,4660487,53541.584,4672000,"Resto del mundo"
"daily_income","Panama","PAN",2006,16.1867370605469,3375024,15855.455,3413000,"LatAm emergente"
"daily_income","Paraguay","PRY",2006,13.7416381835938,5505145,8177.111,5511000,"LatAm emergente"
"daily_income","Peru","PER",2006,9.98225784301758,28324488,7076.29,27935000,"LatAm emergente"
"daily_income","Philippines","PHL",2006,6.57304096221924,89508992,4380.317,86790000,"Resto del mundo"
"daily_income","Poland","POL",2006,21.9737148284912,38071169,16916.118,38157000,"Resto del mundo"
"daily_income","Portugal","PRT",2006,34.6239318847656,10524123,26582.673,10522000,"Resto del mundo"
"daily_income","Romania","ROU",2006,10.9257526397705,21035732,15367.489,21257000,"Resto del mundo"
"daily_income","Russia","RUS",2006,20.2433490753174,144102948,18196.662,144103000,"Resto del mundo"
"daily_income","Seychelles","SYC",2006,19.7234497070312,90391,16096.055,85000,"Resto del mundo"
"daily_income","Slovakia","SVK",2006,22.7047481536865,5376847,18381.978,5373000,"Resto del mundo"
"daily_income","Slovenia","SVN",2006,40.0711135864258,2003116,27435.061,2003000,"Resto del mundo"
"daily_income","South Korea","KOR",2006,38.7354469299316,48006518,26277.959,48438000,"Resto del mundo"
"daily_income","Spain","ESP",2006,45.1243133544922,44695446,32554.065,44785000,"Resto del mundo"
"daily_income","Sri Lanka","LKA",2006,7.84687948226929,20352416,6467.279,19696000,"Resto del mundo"
"daily_income","Sweden","SWE",2006,48.2200813293457,9080628,39880.851,9113000,"Resto del mundo"
"daily_income","Switzerland","CHE",2006,79.2866134643555,7478514,54487.984,7459000,"Resto del mundo"
"daily_income","Syria","SYR",2006,15.639666557312,19637016,5396.814,19596000,"Resto del mundo"
"daily_income","Thailand","THA",2006,14.1989307403564,66567685,11065.965,66568000,"Resto del mundo"
"daily_income","Togo","TGO",2006,3.05534768104553,5569659,1304.746,6011000,"Resto del mundo"
"daily_income","Turkey","TUR",2006,13.9532871246338,70045351,16213.603,69295000,"Resto del mundo"
"daily_income","Ukraine","UKR",2006,11.9345960617065,47278691,10212.597,46466000,"Resto del mundo"
"daily_income","United Kingdom","GBR",2006,61.8844680786133,61051093,36502.466,60827000,"Resto del mundo"
"daily_income","United States","USA",2006,78.9625930786133,298730208,46216.853,298930000,"Resto del mundo"
"daily_income","Uruguay","URY",2006,23.0301647186279,3289508,12777.172,3358000,"LatAm emergente"
"daily_income","Venezuela","VEN",2006,13.0262012481689,27224691,15232.895,26858000,"Venezuela"
"daily_income","Vietnam","VNM",2006,5.8777437210083,82167901,4436.226,84618000,"Resto del mundo"
"daily_income","Zambia","ZMB",2006,3.03080177307129,12129560,2110.198,12130000,"Resto del mundo"
"child_mortality","Afghanistan","AFG",2023,5.5507865,41454762,2203.518,41455000,"Resto del mundo"
"child_mortality","Albania","ALB",2023,0.9370933,2811660,20252.255,2750000,"Resto del mundo"
"child_mortality","Algeria","DZA",2023,2.2000775,46164222,16908.206,45973000,"Resto del mundo"
"child_mortality","Angola","AGO",2023,6.401257,36749909,9610.864,36750000,"Resto del mundo"
"child_mortality","Argentina","ARG",2023,0.9648507,45538402,29522.706,46655000,"LatAm emergente"
"child_mortality","Armenia","ARM",2023,1.0044454,2943398,21061.964,3034000,"Resto del mundo"
"child_mortality","Australia","AUS",2023,0.3665513,26451126,68360.691,26957000,"Resto del mundo"
"child_mortality","Austria","AUT",2023,0.31263998,9130434,72589.865,9105000,"Resto del mundo"
"child_mortality","Azerbaijan","AZE",2023,1.8555621,10318209,23733.811,10127000,"Resto del mundo"
"child_mortality","Bahrain","BHR",2023,0.8595744,1569674,64223.768,1577000,"Resto del mundo"
"child_mortality","Bangladesh","BGD",2023,3.0556235,171466986,9219.193,170279000,"Resto del mundo"
"child_mortality","Barbados","BRB",2023,1.0039747,282347,22535.359,290000,"LatAm emergente"
"child_mortality","Belarus","BLR",2023,0.24415004,9115679,30258.438,9178000,"Resto del mundo"
"child_mortality","Belgium","BEL",2023,0.36026093,11712891,71704.946,11743000,"Resto del mundo"
"child_mortality","Benin","BEN",2023,7.7902117,14111035,4133.373,14111000,"Resto del mundo"
"child_mortality","Bolivia","BOL",2023,2.3103664,12244161,12902.717,12244000,"LatAm emergente"
"child_mortality","Bosnia and Herzegovina","BIH",2023,0.60421085,3185072,20512.37,3464000,"Resto del mundo"
"child_mortality","Botswana","BWA",2023,3.9568217,2480242,21029.368,2480000,"Resto del mundo"
"child_mortality","Brazil","BRA",2023,1.4441526,211140731,21137.486,211695000,"LatAm emergente"
"child_mortality","Bulgaria","BGR",2023,0.607681,6795805,37035.155,6445000,"Resto del mundo"
"child_mortality","Burkina Faso","BFA",2023,7.7272005,23025777,2761.569,23026000,"Resto del mundo"
"child_mortality","Burundi","BDI",2023,4.9207187,13689455,921.429,13689000,"Resto del mundo"
"child_mortality","Cambodia","KHM",2023,2.2897089,17423884,7336.094,17424000,"Resto del mundo"
"child_mortality","Cameroon","CMR",2023,6.723534,28372690,5415.209,28373000,"Resto del mundo"
"child_mortality","Canada","CAN",2023,0.5064306,39299098,63796.961,39936000,"Resto del mundo"
"child_mortality","Cape Verde","CPV",2023,1.1589525,522335,10517.425,509000,"Resto del mundo"
"child_mortality","Central African Republic","CAF",2023,9.219586,5152415,1374.42,5065000,"Resto del mundo"
"child_mortality","Chad","TCD",2023,10.1131525,19319075,2973.007,17921000,"Resto del mundo"
"child_mortality","Chile","CHL",2023,0.7164152,19658833,32673.422,19756000,"LatAm emergente"
"child_mortality","China","CHN",2023,0.6190351,1422584930,25188.583,1409670000,"Resto del mundo"
"child_mortality","Colombia","COL",2023,1.202878,52321152,20860.036,52216000,"LatAm emergente"
"child_mortality","Comoros","COM",2023,3.9818938,850390,3728.631,870000,"Resto del mundo"
"child_mortality","Congo","COG",2023,4.0513673,6182890,6257.285,6138000,"Resto del mundo"
"child_mortality","Costa Rica","CRI",2023,1.0459824,5105526,28683.678,5278000,"LatAm emergente"
"child_mortality","Cote d'Ivoire","CIV",2023,6.7128906,31165653,7259.853,31094000,"Resto del mundo"
"child_mortality","Croatia","HRV",2023,0.45684028,3896023,45873.246,3860000,"Resto del mundo"
"child_mortality","Cyprus","CYP",2023,0.35335642,1344981,59029.562,949000,"Resto del mundo"
"child_mortality","Czechia","CZE",2023,0.25593954,10809722,55325.293,10851000,"Resto del mundo"
"child_mortality","Democratic Republic of Congo","COD",2023,7.3189683,105789733,1833.281,99948000,"Resto del mundo"
"child_mortality","Denmark","DNK",2023,0.3423346,5948134,77512.855,5933000,"Resto del mundo"
"child_mortality","Djibouti","DJI",2023,5.0423183,1152951,8097.334,1030000,"Resto del mundo"
"child_mortality","Dominica","DMA",2023,3.5472252,66531,17279.767,74000,"LatAm emergente"
"child_mortality","Dominican Republic","DOM",2023,3.14113,11331269,27363.748,10709000,"LatAm emergente"
"child_mortality","Ecuador","ECU",2023,1.3054934,17980079,16036.875,17835000,"LatAm emergente"
"child_mortality","Egypt","EGY",2023,1.7527803,114535772,20197.388,105200000,"Resto del mundo"
"child_mortality","El Salvador","SLV",2023,1.0430334,6309629,12690.042,6310000,"LatAm emergente"
"child_mortality","Equatorial Guinea","GNQ",2023,7.062484,1847556,20848.963,1544000,"Resto del mundo"
"child_mortality","Estonia","EST",2023,0.21063586,1367195,46698.803,1370000,"Resto del mundo"
"child_mortality","Eswatini","SWZ",2023,4.5009317,1230507,12228.549,1138000,"Resto del mundo"
"child_mortality","Ethiopia","ETH",2023,4.6461153,128691695,3786.734,105707000,"Resto del mundo"
"child_mortality","Finland","FIN",2023,0.2293469,5601185,63099.902,5564000,"Resto del mundo"
"child_mortality","France","FRA",2023,0.43214643,66438828,62028.944,68405000,"Resto del mundo"
"child_mortality","Gabon","GAB",2023,3.3211322,2484790,23364.777,2209000,"Resto del mundo"
"child_mortality","Gambia","GMB",2023,4.408101,2697846,3266.493,2719000,"Resto del mundo"
"child_mortality","Georgia","GEO",2023,0.91663367,3807494,24952.269,3736000,"Resto del mundo"
"child_mortality","Germany","DEU",2023,0.36501372,84548233,70601.01,83287000,"Resto del mundo"
"child_mortality","Ghana","GHA",2023,3.7064004,33787916,7562.626,33788000,"Resto del mundo"
"child_mortality","Greece","GRC",2023,0.37447113,10242910,40795.65,10414000,"Resto del mundo"
"child_mortality","Guatemala","GTM",2023,2.1358843,18124841,13756.657,18125000,"LatAm emergente"
"child_mortality","Guinea","GIN",2023,9.503142,14405469,4181.479,15041000,"Resto del mundo"
"child_mortality","Guinea-Bissau","GNB",2023,6.9304852,2153343,2957.008,1937000,"Resto del mundo"
"child_mortality","Haiti","HTI",2023,5.511968,11637402,3135.553,12227000,"LatAm emergente"
"child_mortality","Honduras","HND",2023,1.5510595,10644853,7184.244,10645000,"LatAm emergente"
"child_mortality","Hungary","HUN",2023,0.3802798,9686465,45142.17,9600000,"Resto del mundo"
"child_mortality","Iceland","ISL",2023,0.25747254,387559,79454.085,375000,"Resto del mundo"
"child_mortality","India","IND",2023,2.7745812,1438069597,9879.524,1438070000,"Resto del mundo"
"child_mortality","Indonesia","IDN",2023,2.062438,281190068,15566.405,278696000,"Resto del mundo"
"child_mortality","Iran","IRN",2023,1.1773313,90608708,20104.085,85329000,"Resto del mundo"
"child_mortality","Iraq","IRQ",2023,2.2616258,45074055,15360.427,43324000,"Resto del mundo"
"child_mortality","Ireland","IRL",2023,0.38037205,5196629,129607.63,5329000,"Resto del mundo"
"child_mortality","Israel","ISR",2023,0.33853307,9256311,53074.32,9845000,"Resto del mundo"
"child_mortality","Italy","ITA",2023,0.27559024,59499452,59435.719,58997000,"Resto del mundo"
"child_mortality","Jamaica","JAM",2023,1.932888,2839785,13091.025,2747000,"LatAm emergente"
"child_mortality","Japan","JPN",2023,0.23632938,124370947,52927.939,124482000,"Resto del mundo"
"child_mortality","Jordan","JOR",2023,1.3212277,11439220,11450.536,11439000,"Resto del mundo"
"child_mortality","Kazakhstan","KAZ",2023,0.96476495,20330109,39379.309,19900000,"Resto del mundo"
"child_mortality","Kenya","KEN",2023,3.9902086,55339007,6788.376,51539000,"Resto del mundo"
"child_mortality","Kuwait","KWT",2023,0.8750813,4838781,52437.667,4913000,"Resto del mundo"
"child_mortality","Kyrgyzstan","KGZ",2023,1.6981885,7073523,7481.737,6931000,"Resto del mundo"
"child_mortality","Laos","LAO",2023,3.900136,7665001,9257.759,7582000,"Resto del mundo"
"child_mortality","Latvia","LVA",2023,0.29638675,1882399,39953.176,1883000,"Resto del mundo"
"child_mortality","Lebanon","LBN",2023,1.831359,5773494,12930.677,5354000,"Resto del mundo"
"child_mortality","Lesotho","LSO",2023,5.893403,2311476,2932.819,2311000,"Resto del mundo"
"child_mortality","Liberia","LBR",2023,7.288282,5493035,1791.908,5493000,"Resto del mundo"
"child_mortality","Libya","LBY",2023,3.0784101,7305659,13843.587,7306000,"Resto del mundo"
"child_mortality","Lithuania","LTU",2023,0.33803073,2854104,52136.138,2872000,"Resto del mundo"
"child_mortality","Luxembourg","LUX",2023,0.23358402,665101,148310.782,661000,"Resto del mundo"
"child_mortality","Madagascar","MDG",2023,6.4770794,31195937,1897.019,29766000,"Resto del mundo"
"child_mortality","Malawi","MWI",2023,3.8340082,21104480,1701.036,22729000,"Resto del mundo"
"child_mortality","Malaysia","MYS",2023,0.80801296,35126295,38778.951,33059000,"Resto del mundo"
"child_mortality","Mali","MLI",2023,9.130145,23769130,3184.146,23769000,"Resto del mundo"
"child_mortality","Malta","MLT",2023,0.54956377,532964,70236.003,542000,"Resto del mundo"
"child_mortality","Mauritania","MRT",2023,3.7804275,5022442,7903.79,4430000,"Resto del mundo"
"child_mortality","Mauritius","MUS",2023,1.5172535,1273591,29242.203,1248000,"Resto del mundo"
"child_mortality","Mexico","MEX",2023,1.2459075,129739761,24316.159,131135000,"LatAm emergente"
"child_mortality","Moldova","MDA",2023,1.4674314,3067072,17515.689,2492000,"Resto del mundo"
"child_mortality","Mongolia","MNG",2023,1.3635615,3431938,17898.326,3505000,"Resto del mundo"
"child_mortality","Montenegro","MNE",2023,0.2584639,633553,30817.503,624000,"Resto del mundo"
"child_mortality","Morocco","MAR",2023,1.6575052,37712516,10242.547,37022000,"Resto del mundo"
"child_mortality","Mozambique","MOZ",2023,6.1653104,33635163,1667.208,33897000,"Resto del mundo"
"child_mortality","Myanmar","MMR",2023,3.8736246,54133800,4998.391,54134000,"Resto del mundo"
"child_mortality","Namibia","NAM",2023,4.065269,2963102,11395.305,2928000,"Resto del mundo"
"child_mortality","Nepal","NPL",2023,2.646811,29694614,5399.641,29695000,"Resto del mundo"
"child_mortality","Netherlands","NLD",2023,0.39572987,18092526,79115.736,17811000,"Resto del mundo"
"child_mortality","New Zealand","NZL",2023,0.46839836,5172837,54312.306,5199000,"Resto del mundo"
"child_mortality","Nicaragua","NIC",2023,1.34289,6823619,8525.745,6664000,"LatAm emergente"
"child_mortality","Niger","NER",2023,11.4788685,26159863,1825.829,27066000,"Resto del mundo"
"child_mortality","Nigeria","NGA",2023,10.490962,227882949,8711.664,227883000,"Resto del mundo"
"child_mortality","North Macedonia","MKD",2023,0.32587263,1831800,26321.634,1828000,"Resto del mundo"
"child_mortality","Norway","NOR",2023,0.23553099,5519167,104815.989,5534000,"Resto del mundo"
"child_mortality","Oman","OMN",2023,1.0404669,5049267,41029.993,5166000,"Resto del mundo"
"child_mortality","Pakistan","PAK",2023,5.846387,247504505,6535.815,231450000,"Resto del mundo"
"child_mortality","Panama","PAN",2023,1.3283068,4458758,39899.217,4453000,"LatAm emergente"
"child_mortality","Paraguay","PRY",2023,1.7017711,6844150,19022.892,6327000,"LatAm emergente"
"child_mortality","Peru","PER",2023,1.580508,33845616,17364.957,33731000,"LatAm emergente"
"child_mortality","Philippines","PHL",2023,2.688177,114891199,11287.754,111910000,"Resto del mundo"
"child_mortality","Poland","POL",2023,0.43521816,38762847,49265.369,36754000,"Resto del mundo"
"child_mortality","Portugal","PRT",2023,0.31640318,10430735,46639.683,10578000,"Resto del mundo"
"child_mortality","Qatar","QAT",2023,0.6015529,2979086,112271.291,3063000,"Resto del mundo"
"child_mortality","Romania","ROU",2023,0.6634308,19118482,44975.803,19055000,"Resto del mundo"
"child_mortality","Russia","RUS",2023,0.4497858,145440502,44560.077,145441000,"Resto del mundo"
"child_mortality","Rwanda","RWA",2023,4.0014644,13954473,3637.187,13499000,"Resto del mundo"
"child_mortality","Saint Lucia","LCA",2023,1.5545658,179291,26333.41,179000,"LatAm emergente"
"child_mortality","Sao Tome and Principe","STP",2023,1.394162,230882,6155.021,231000,"Resto del mundo"
"child_mortality","Saudi Arabia","SAU",2023,0.6157951,33264289,71623.601,33703000,"Resto del mundo"
"child_mortality","Senegal","SEN",2023,3.8519263,18077573,4759.379,18162000,"Resto del mundo"
"child_mortality","Serbia","SRB",2023,0.52326196,6773204,28907.095,6623000,"Resto del mundo"
"child_mortality","Seychelles","SYC",2023,1.4254322,127961,31516.039,121000,"Resto del mundo"
"child_mortality","Sierra Leone","SLE",2023,9.427626,8460523,3371.104,8461000,"Resto del mundo"
"child_mortality","Singapore","SGP",2023,0.20690385,5789092,144728.013,5918000,"Resto del mundo"
"child_mortality","Slovakia","SVK",2023,0.6075153,5518057,43953.548,5429000,"Resto del mundo"
"child_mortality","Slovenia","SVN",2023,0.22466716,2118394,53808.099,2117000,"Resto del mundo"
"child_mortality","South Africa","ZAF",2023,3.4650595,63212386,15615.889,61578000,"Resto del mundo"
"child_mortality","South Korea","KOR",2023,0.27607253,51748744,60201.551,51713000,"Resto del mundo"
"child_mortality","Spain","ESP",2023,0.3115647,47911583,52045.408,48628000,"Resto del mundo"
"child_mortality","Sri Lanka","LKA",2023,0.6107925,22971615,14467.53,22037000,"Resto del mundo"
"child_mortality","Sudan","SDN",2023,5.014924,50042800,3064.929,47895000,"Resto del mundo"
"child_mortality","Sweden","SWE",2023,0.24746522,10551493,69335.934,10552000,"Resto del mundo"
"child_mortality","Switzerland","CHE",2023,0.39435646,8870564,96601.424,8815000,"Resto del mundo"
"child_mortality","Tajikistan","TJK",2023,2.7321172,10389807,5152.167,10013000,"Resto del mundo"
"child_mortality","Tanzania","TZA",2023,3.8857045,66617607,3926.279,63729000,"Resto del mundo"
"child_mortality","Thailand","THA",2023,0.921389,71702436,23607.092,71702000,"Resto del mundo"
"child_mortality","Togo","TGO",2023,5.8289814,8223853,3151.732,9320000,"Resto del mundo"
"child_mortality","Trinidad and Tobago","TTO",2023,1.907158,1502938,33342.139,1421000,"LatAm emergente"
"child_mortality","Tunisia","TUN",2023,1.2906594,12200434,13971.391,12200000,"Resto del mundo"
"child_mortality","Turkey","TUR",2023,1.2791306,87270502,39325.253,85326000,"Resto del mundo"
"child_mortality","Turkmenistan","TKM",2023,3.99547,7364437,21179.858,6516000,"Resto del mundo"
"child_mortality","Uganda","UGA",2023,3.8807676,48656606,3494.925,45222000,"Resto del mundo"
"child_mortality","Ukraine","UKR",2023,0.807272,37732833,18321.109,34026000,"Resto del mundo"
"child_mortality","United Arab Emirates","ARE",2023,0.50285804,10642089,76596.069,10679000,"Resto del mundo"
"child_mortality","United Kingdom","GBR",2023,0.4457009,68682965,61552.285,68526000,"Resto del mundo"
"child_mortality","United States","USA",2023,0.64789516,343477330,82536.095,336962000,"Resto del mundo"
"child_mortality","Uruguay","URY",2023,0.66624707,3388083,33475.364,3496000,"LatAm emergente"
"child_mortality","Uzbekistan","UZB",2023,1.3320605,35652311,11314.432,36800000,"Resto del mundo"
"child_mortality","Venezuela","VEN",2023,2.4257355,28300861,7888.601,26740000,"Venezuela"
"child_mortality","Vietnam","VNM",2023,2.004781,100352189,15052.708,100309000,"Resto del mundo"
"child_mortality","Yemen","YEM",2023,3.925354,39390800,1633.774,17726000,"Resto del mundo"
"child_mortality","Zambia","ZMB",2023,4.4723396,20723967,4080.345,20724000,"Resto del mundo"
"child_mortality","Zimbabwe","ZWE",2023,4.4212008,16340829,7231.518,16624000,"Resto del mundo"
"hdi","Afghanistan","AFG",2023,0.496,41454762,2203.518,41455000,"Resto del mundo"
"hdi","Albania","ALB",2023,0.81,2811660,20252.255,2750000,"Resto del mundo"
"hdi","Algeria","DZA",2023,0.763,46164222,16908.206,45973000,"Resto del mundo"
"hdi","Angola","AGO",2023,0.616,36749909,9610.864,36750000,"Resto del mundo"
"hdi","Argentina","ARG",2023,0.865,45538402,29522.706,46655000,"LatAm emergente"
"hdi","Armenia","ARM",2023,0.811,2943398,21061.964,3034000,"Resto del mundo"
"hdi","Australia","AUS",2023,0.958,26451126,68360.691,26957000,"Resto del mundo"
"hdi","Austria","AUT",2023,0.93,9130434,72589.865,9105000,"Resto del mundo"
"hdi","Azerbaijan","AZE",2023,0.789,10318209,23733.811,10127000,"Resto del mundo"
"hdi","Bahrain","BHR",2023,0.899,1569674,64223.768,1577000,"Resto del mundo"
"hdi","Bangladesh","BGD",2023,0.685,171466986,9219.193,170279000,"Resto del mundo"
"hdi","Barbados","BRB",2023,0.811,282347,22535.359,290000,"LatAm emergente"
"hdi","Belarus","BLR",2023,0.824,9115679,30258.438,9178000,"Resto del mundo"
"hdi","Belgium","BEL",2023,0.951,11712891,71704.946,11743000,"Resto del mundo"
"hdi","Benin","BEN",2023,0.515,14111035,4133.373,14111000,"Resto del mundo"
"hdi","Bolivia","BOL",2023,0.733,12244161,12902.717,12244000,"LatAm emergente"
"hdi","Bosnia and Herzegovina","BIH",2023,0.804,3185072,20512.37,3464000,"Resto del mundo"
"hdi","Botswana","BWA",2023,0.731,2480242,21029.368,2480000,"Resto del mundo"
"hdi","Brazil","BRA",2023,0.786,211140731,21137.486,211695000,"LatAm emergente"
"hdi","Bulgaria","BGR",2023,0.845,6795805,37035.155,6445000,"Resto del mundo"
"hdi","Burkina Faso","BFA",2023,0.459,23025777,2761.569,23026000,"Resto del mundo"
"hdi","Burundi","BDI",2023,0.439,13689455,921.429,13689000,"Resto del mundo"
"hdi","Cambodia","KHM",2023,0.606,17423884,7336.094,17424000,"Resto del mundo"
"hdi","Cameroon","CMR",2023,0.588,28372690,5415.209,28373000,"Resto del mundo"
"hdi","Canada","CAN",2023,0.939,39299098,63796.961,39936000,"Resto del mundo"
"hdi","Cape Verde","CPV",2023,0.668,522335,10517.425,509000,"Resto del mundo"
"hdi","Central African Republic","CAF",2023,0.414,5152415,1374.42,5065000,"Resto del mundo"
"hdi","Chad","TCD",2023,0.416,19319075,2973.007,17921000,"Resto del mundo"
"hdi","Chile","CHL",2023,0.878,19658833,32673.422,19756000,"LatAm emergente"
"hdi","China","CHN",2023,0.797,1422584930,25188.583,1409670000,"Resto del mundo"
"hdi","Colombia","COL",2023,0.788,52321152,20860.036,52216000,"LatAm emergente"
"hdi","Comoros","COM",2023,0.603,850390,3728.631,870000,"Resto del mundo"
"hdi","Congo","COG",2023,0.649,6182890,6257.285,6138000,"Resto del mundo"
"hdi","Costa Rica","CRI",2023,0.833,5105526,28683.678,5278000,"LatAm emergente"
"hdi","Cote d'Ivoire","CIV",2023,0.582,31165653,7259.853,31094000,"Resto del mundo"
"hdi","Croatia","HRV",2023,0.889,3896023,45873.246,3860000,"Resto del mundo"
"hdi","Cyprus","CYP",2023,0.913,1344981,59029.562,949000,"Resto del mundo"
"hdi","Czechia","CZE",2023,0.915,10809722,55325.293,10851000,"Resto del mundo"
"hdi","Democratic Republic of Congo","COD",2023,0.522,105789733,1833.281,99948000,"Resto del mundo"
"hdi","Denmark","DNK",2023,0.962,5948134,77512.855,5933000,"Resto del mundo"
"hdi","Djibouti","DJI",2023,0.513,1152951,8097.334,1030000,"Resto del mundo"
"hdi","Dominica","DMA",2023,0.761,66531,17279.767,74000,"LatAm emergente"
"hdi","Dominican Republic","DOM",2023,0.776,11331269,27363.748,10709000,"LatAm emergente"
"hdi","Ecuador","ECU",2023,0.777,17980079,16036.875,17835000,"LatAm emergente"
"hdi","Egypt","EGY",2023,0.754,114535772,20197.388,105200000,"Resto del mundo"
"hdi","El Salvador","SLV",2023,0.678,6309629,12690.042,6310000,"LatAm emergente"
"hdi","Equatorial Guinea","GNQ",2023,0.674,1847556,20848.963,1544000,"Resto del mundo"
"hdi","Estonia","EST",2023,0.905,1367195,46698.803,1370000,"Resto del mundo"
"hdi","Eswatini","SWZ",2023,0.695,1230507,12228.549,1138000,"Resto del mundo"
"hdi","Ethiopia","ETH",2023,0.497,128691695,3786.734,105707000,"Resto del mundo"
"hdi","Finland","FIN",2023,0.948,5601185,63099.902,5564000,"Resto del mundo"
"hdi","France","FRA",2023,0.92,66438828,62028.944,68405000,"Resto del mundo"
"hdi","Gabon","GAB",2023,0.733,2484790,23364.777,2209000,"Resto del mundo"
"hdi","Gambia","GMB",2023,0.524,2697846,3266.493,2719000,"Resto del mundo"
"hdi","Georgia","GEO",2023,0.844,3807494,24952.269,3736000,"Resto del mundo"
"hdi","Germany","DEU",2023,0.959,84548233,70601.01,83287000,"Resto del mundo"
"hdi","Ghana","GHA",2023,0.628,33787916,7562.626,33788000,"Resto del mundo"
"hdi","Greece","GRC",2023,0.908,10242910,40795.65,10414000,"Resto del mundo"
"hdi","Guatemala","GTM",2023,0.662,18124841,13756.657,18125000,"LatAm emergente"
"hdi","Guinea","GIN",2023,0.5,14405469,4181.479,15041000,"Resto del mundo"
"hdi","Guinea-Bissau","GNB",2023,0.514,2153343,2957.008,1937000,"Resto del mundo"
"hdi","Haiti","HTI",2023,0.554,11637402,3135.553,12227000,"LatAm emergente"
"hdi","Honduras","HND",2023,0.645,10644853,7184.244,10645000,"LatAm emergente"
"hdi","Hong Kong","HKG",2023,0.955,7442738,71596.896,7528000,"Resto del mundo"
"hdi","Hungary","HUN",2023,0.87,9686465,45142.17,9600000,"Resto del mundo"
"hdi","Iceland","ISL",2023,0.972,387559,79454.085,375000,"Resto del mundo"
"hdi","India","IND",2023,0.685,1438069597,9879.524,1438070000,"Resto del mundo"
"hdi","Indonesia","IDN",2023,0.728,281190068,15566.405,278696000,"Resto del mundo"
"hdi","Iran","IRN",2023,0.799,90608708,20104.085,85329000,"Resto del mundo"
"hdi","Iraq","IRQ",2023,0.695,45074055,15360.427,43324000,"Resto del mundo"
"hdi","Ireland","IRL",2023,0.949,5196629,129607.63,5329000,"Resto del mundo"
"hdi","Israel","ISR",2023,0.919,9256311,53074.32,9845000,"Resto del mundo"
"hdi","Italy","ITA",2023,0.915,59499452,59435.719,58997000,"Resto del mundo"
"hdi","Jamaica","JAM",2023,0.72,2839785,13091.025,2747000,"LatAm emergente"
"hdi","Japan","JPN",2023,0.925,124370947,52927.939,124482000,"Resto del mundo"
"hdi","Jordan","JOR",2023,0.754,11439220,11450.536,11439000,"Resto del mundo"
"hdi","Kazakhstan","KAZ",2023,0.837,20330109,39379.309,19900000,"Resto del mundo"
"hdi","Kenya","KEN",2023,0.628,55339007,6788.376,51539000,"Resto del mundo"
"hdi","Kuwait","KWT",2023,0.852,4838781,52437.667,4913000,"Resto del mundo"
"hdi","Kyrgyzstan","KGZ",2023,0.72,7073523,7481.737,6931000,"Resto del mundo"
"hdi","Laos","LAO",2023,0.617,7665001,9257.759,7582000,"Resto del mundo"
"hdi","Latvia","LVA",2023,0.889,1882399,39953.176,1883000,"Resto del mundo"
"hdi","Lebanon","LBN",2023,0.752,5773494,12930.677,5354000,"Resto del mundo"
"hdi","Lesotho","LSO",2023,0.55,2311476,2932.819,2311000,"Resto del mundo"
"hdi","Liberia","LBR",2023,0.51,5493035,1791.908,5493000,"Resto del mundo"
"hdi","Libya","LBY",2023,0.721,7305659,13843.587,7306000,"Resto del mundo"
"hdi","Lithuania","LTU",2023,0.895,2854104,52136.138,2872000,"Resto del mundo"
"hdi","Luxembourg","LUX",2023,0.922,665101,148310.782,661000,"Resto del mundo"
"hdi","Madagascar","MDG",2023,0.487,31195937,1897.019,29766000,"Resto del mundo"
"hdi","Malawi","MWI",2023,0.517,21104480,1701.036,22729000,"Resto del mundo"
"hdi","Malaysia","MYS",2023,0.819,35126295,38778.951,33059000,"Resto del mundo"
"hdi","Mali","MLI",2023,0.419,23769130,3184.146,23769000,"Resto del mundo"
"hdi","Malta","MLT",2023,0.924,532964,70236.003,542000,"Resto del mundo"
"hdi","Mauritania","MRT",2023,0.563,5022442,7903.79,4430000,"Resto del mundo"
"hdi","Mauritius","MUS",2023,0.806,1273591,29242.203,1248000,"Resto del mundo"
"hdi","Mexico","MEX",2023,0.789,129739761,24316.159,131135000,"LatAm emergente"
"hdi","Moldova","MDA",2023,0.785,3067072,17515.689,2492000,"Resto del mundo"
"hdi","Mongolia","MNG",2023,0.747,3431938,17898.326,3505000,"Resto del mundo"
"hdi","Montenegro","MNE",2023,0.862,633553,30817.503,624000,"Resto del mundo"
"hdi","Morocco","MAR",2023,0.71,37712516,10242.547,37022000,"Resto del mundo"
"hdi","Mozambique","MOZ",2023,0.493,33635163,1667.208,33897000,"Resto del mundo"
"hdi","Myanmar","MMR",2023,0.609,54133800,4998.391,54134000,"Resto del mundo"
"hdi","Namibia","NAM",2023,0.665,2963102,11395.305,2928000,"Resto del mundo"
"hdi","Nepal","NPL",2023,0.622,29694614,5399.641,29695000,"Resto del mundo"
"hdi","Netherlands","NLD",2023,0.955,18092526,79115.736,17811000,"Resto del mundo"
"hdi","New Zealand","NZL",2023,0.938,5172837,54312.306,5199000,"Resto del mundo"
"hdi","Nicaragua","NIC",2023,0.706,6823619,8525.745,6664000,"LatAm emergente"
"hdi","Niger","NER",2023,0.419,26159863,1825.829,27066000,"Resto del mundo"
"hdi","Nigeria","NGA",2023,0.56,227882949,8711.664,227883000,"Resto del mundo"
"hdi","North Macedonia","MKD",2023,0.815,1831800,26321.634,1828000,"Resto del mundo"
"hdi","Norway","NOR",2023,0.97,5519167,104815.989,5534000,"Resto del mundo"
"hdi","Oman","OMN",2023,0.858,5049267,41029.993,5166000,"Resto del mundo"
"hdi","Pakistan","PAK",2023,0.544,247504505,6535.815,231450000,"Resto del mundo"
"hdi","Panama","PAN",2023,0.839,4458758,39899.217,4453000,"LatAm emergente"
"hdi","Paraguay","PRY",2023,0.756,6844150,19022.892,6327000,"LatAm emergente"
"hdi","Peru","PER",2023,0.794,33845616,17364.957,33731000,"LatAm emergente"
"hdi","Philippines","PHL",2023,0.72,114891199,11287.754,111910000,"Resto del mundo"
"hdi","Poland","POL",2023,0.906,38762847,49265.369,36754000,"Resto del mundo"
"hdi","Portugal","PRT",2023,0.89,10430735,46639.683,10578000,"Resto del mundo"
"hdi","Qatar","QAT",2023,0.886,2979086,112271.291,3063000,"Resto del mundo"
"hdi","Romania","ROU",2023,0.845,19118482,44975.803,19055000,"Resto del mundo"
"hdi","Russia","RUS",2023,0.832,145440502,44560.077,145441000,"Resto del mundo"
"hdi","Rwanda","RWA",2023,0.578,13954473,3637.187,13499000,"Resto del mundo"
"hdi","Saint Lucia","LCA",2023,0.748,179291,26333.41,179000,"LatAm emergente"
"hdi","Sao Tome and Principe","STP",2023,0.637,230882,6155.021,231000,"Resto del mundo"
"hdi","Saudi Arabia","SAU",2023,0.9,33264289,71623.601,33703000,"Resto del mundo"
"hdi","Senegal","SEN",2023,0.53,18077573,4759.379,18162000,"Resto del mundo"
"hdi","Serbia","SRB",2023,0.833,6773204,28907.095,6623000,"Resto del mundo"
"hdi","Seychelles","SYC",2023,0.848,127961,31516.039,121000,"Resto del mundo"
"hdi","Sierra Leone","SLE",2023,0.467,8460523,3371.104,8461000,"Resto del mundo"
"hdi","Singapore","SGP",2023,0.946,5789092,144728.013,5918000,"Resto del mundo"
"hdi","Slovakia","SVK",2023,0.88,5518057,43953.548,5429000,"Resto del mundo"
"hdi","Slovenia","SVN",2023,0.931,2118394,53808.099,2117000,"Resto del mundo"
"hdi","South Africa","ZAF",2023,0.741,63212386,15615.889,61578000,"Resto del mundo"
"hdi","South Korea","KOR",2023,0.937,51748744,60201.551,51713000,"Resto del mundo"
"hdi","Spain","ESP",2023,0.918,47911583,52045.408,48628000,"Resto del mundo"
"hdi","Sri Lanka","LKA",2023,0.776,22971615,14467.53,22037000,"Resto del mundo"
"hdi","Sudan","SDN",2023,0.511,50042800,3064.929,47895000,"Resto del mundo"
"hdi","Sweden","SWE",2023,0.959,10551493,69335.934,10552000,"Resto del mundo"
"hdi","Switzerland","CHE",2023,0.97,8870564,96601.424,8815000,"Resto del mundo"
"hdi","Tajikistan","TJK",2023,0.691,10389807,5152.167,10013000,"Resto del mundo"
"hdi","Tanzania","TZA",2023,0.555,66617607,3926.279,63729000,"Resto del mundo"
"hdi","Thailand","THA",2023,0.798,71702436,23607.092,71702000,"Resto del mundo"
"hdi","Togo","TGO",2023,0.571,8223853,3151.732,9320000,"Resto del mundo"
"hdi","Trinidad and Tobago","TTO",2023,0.807,1502938,33342.139,1421000,"LatAm emergente"
"hdi","Tunisia","TUN",2023,0.746,12200434,13971.391,12200000,"Resto del mundo"
"hdi","Turkey","TUR",2023,0.853,87270502,39325.253,85326000,"Resto del mundo"
"hdi","Turkmenistan","TKM",2023,0.764,7364437,21179.858,6516000,"Resto del mundo"
"hdi","Uganda","UGA",2023,0.582,48656606,3494.925,45222000,"Resto del mundo"
"hdi","Ukraine","UKR",2023,0.779,37732833,18321.109,34026000,"Resto del mundo"
"hdi","United Arab Emirates","ARE",2023,0.94,10642089,76596.069,10679000,"Resto del mundo"
"hdi","United Kingdom","GBR",2023,0.946,68682965,61552.285,68526000,"Resto del mundo"
"hdi","United States","USA",2023,0.938,343477330,82536.095,336962000,"Resto del mundo"
"hdi","Uruguay","URY",2023,0.862,3388083,33475.364,3496000,"LatAm emergente"
"hdi","Uzbekistan","UZB",2023,0.74,35652311,11314.432,36800000,"Resto del mundo"
"hdi","Venezuela","VEN",2023,0.709,28300861,7888.601,26740000,"Venezuela"
"hdi","Vietnam","VNM",2023,0.766,100352189,15052.708,100309000,"Resto del mundo"
"hdi","Yemen","YEM",2023,0.47,39390800,1633.774,17726000,"Resto del mundo"
"hdi","Zambia","ZMB",2023,0.595,20723967,4080.345,20724000,"Resto del mundo"
"hdi","Zimbabwe","ZWE",2023,0.598,16340829,7231.518,16624000,"Resto del mundo"
"schooling","Afghanistan","AFG",2023,2.51479,41454762,2203.518,41455000,"Resto del mundo"
"schooling","Albania","ALB",2023,10.175311,2811660,20252.255,2750000,"Resto del mundo"
"schooling","Algeria","DZA",2023,7.416387,46164222,16908.206,45973000,"Resto del mundo"
"schooling","Angola","AGO",2023,5.956173,36749909,9610.864,36750000,"Resto del mundo"
"schooling","Argentina","ARG",2023,11.184582,45538402,29522.706,46655000,"LatAm emergente"
"schooling","Armenia","ARM",2023,11.344978,2943398,21061.964,3034000,"Resto del mundo"
"schooling","Australia","AUS",2023,12.87,26451126,68360.691,26957000,"Resto del mundo"
"schooling","Austria","AUT",2023,12.361465,9130434,72589.865,9105000,"Resto del mundo"
"schooling","Azerbaijan","AZE",2023,11.07,10318209,23733.811,10127000,"Resto del mundo"
"schooling","Bahrain","BHR",2023,11.13,1569674,64223.768,1577000,"Resto del mundo"
"schooling","Bangladesh","BGD",2023,6.79,171466986,9219.193,170279000,"Resto del mundo"
"schooling","Barbados","BRB",2023,9.928357,282347,22535.359,290000,"LatAm emergente"
"schooling","Belarus","BLR",2023,12.335373,9115679,30258.438,9178000,"Resto del mundo"
"schooling","Belgium","BEL",2023,12.689651,11712891,71704.946,11743000,"Resto del mundo"
"schooling","Benin","BEN",2023,3.1942,14111035,4133.373,14111000,"Resto del mundo"
"schooling","Bolivia","BOL",2023,10.021223,12244161,12902.717,12244000,"LatAm emergente"
"schooling","Bosnia and Herzegovina","BIH",2023,10.97,3185072,20512.37,3464000,"Resto del mundo"
"schooling","Botswana","BWA",2023,10.478,2480242,21029.368,2480000,"Resto del mundo"
"schooling","Brazil","BRA",2023,8.425372,211140731,21137.486,211695000,"LatAm emergente"
"schooling","Bulgaria","BGR",2023,11.454531,6795805,37035.155,6445000,"Resto del mundo"
"schooling","Burkina Faso","BFA",2023,2.26655,23025777,2761.569,23026000,"Resto del mundo"
"schooling","Burundi","BDI",2023,3.4739356,13689455,921.429,13689000,"Resto del mundo"
"schooling","Cambodia","KHM",2023,5.1971,17423884,7336.094,17424000,"Resto del mundo"
"schooling","Cameroon","CMR",2023,6.5741806,28372690,5415.209,28373000,"Resto del mundo"
"schooling","Canada","CAN",2023,13.87,39299098,63796.961,39936000,"Resto del mundo"
"schooling","Cape Verde","CPV",2023,6.0900393,522335,10517.425,509000,"Resto del mundo"
"schooling","Central African Republic","CAF",2023,3.9894314,5152415,1374.42,5065000,"Resto del mundo"
"schooling","Chad","TCD",2023,2.3349848,19319075,2973.007,17921000,"Resto del mundo"
"schooling","Chile","CHL",2023,11.291054,19658833,32673.422,19756000,"LatAm emergente"
"schooling","China","CHN",2023,8.036181,1422584930,25188.583,1409670000,"Resto del mundo"
"schooling","Colombia","COL",2023,9.031582,52321152,20860.036,52216000,"LatAm emergente"
"schooling","Comoros","COM",2023,6.00684,850390,3728.631,870000,"Resto del mundo"
"schooling","Congo","COG",2023,8.322645,6182890,6257.285,6138000,"Resto del mundo"
"schooling","Costa Rica","CRI",2023,8.844752,5105526,28683.678,5278000,"LatAm emergente"
"schooling","Cote d'Ivoire","CIV",2023,4.87,31165653,7259.853,31094000,"Resto del mundo"
"schooling","Croatia","HRV",2023,12.095121,3896023,45873.246,3860000,"Resto del mundo"
"schooling","Cyprus","CYP",2023,12.557372,1344981,59029.562,949000,"Resto del mundo"
"schooling","Czechia","CZE",2023,12.963182,10809722,55325.293,10851000,"Resto del mundo"
"schooling","Democratic Republic of Congo","COD",2023,7.378561,105789733,1833.281,99948000,"Resto del mundo"
"schooling","Denmark","DNK",2023,13.027321,5948134,77512.855,5933000,"Resto del mundo"
"schooling","Djibouti","DJI",2023,3.9504151,1152951,8097.334,1030000,"Resto del mundo"
"schooling","Dominica","DMA",2023,10.12509,66531,17279.767,74000,"LatAm emergente"
"schooling","Dominican Republic","DOM",2023,9.444526,11331269,27363.748,10709000,"LatAm emergente"
"schooling","Ecuador","ECU",2023,8.97,17980079,16036.875,17835000,"LatAm emergente"
"schooling","Egypt","EGY",2023,10.13612,114535772,20197.388,105200000,"Resto del mundo"
"schooling","El Salvador","SLV",2023,7.3,6309629,12690.042,6310000,"LatAm emergente"
"schooling","Equatorial Guinea","GNQ",2023,8.281327,1847556,20848.963,1544000,"Resto del mundo"
"schooling","Estonia","EST",2023,13.562166,1367195,46698.803,1370000,"Resto del mundo"
"schooling","Eswatini","SWZ",2023,8.6852,1230507,12228.549,1138000,"Resto del mundo"
"schooling","Ethiopia","ETH",2023,2.4025397,128691695,3786.734,105707000,"Resto del mundo"
"schooling","Finland","FIN",2023,12.979626,5601185,63099.902,5564000,"Resto del mundo"
"schooling","France","FRA",2023,11.765668,66438828,62028.944,68405000,"Resto del mundo"
"schooling","Gabon","GAB",2023,9.686,2484790,23364.777,2209000,"Resto del mundo"
"schooling","Gambia","GMB",2023,4.674727,2697846,3266.493,2719000,"Resto del mundo"
"schooling","Georgia","GEO",2023,12.7,3807494,24952.269,3736000,"Resto del mundo"
"schooling","Germany","DEU",2023,14.296371,84548233,70601.01,83287000,"Resto del mundo"
"schooling","Ghana","GHA",2023,7.10721,33787916,7562.626,33788000,"Resto del mundo"
"schooling","Greece","GRC",2023,11.553857,10242910,40795.65,10414000,"Resto del mundo"
"schooling","Guatemala","GTM",2023,5.8473,18124841,13756.657,18125000,"LatAm emergente"
"schooling","Guinea","GIN",2023,2.486339,14405469,4181.479,15041000,"Resto del mundo"
"schooling","Guinea-Bissau","GNB",2023,3.673035,2153343,2957.008,1937000,"Resto del mundo"
"schooling","Haiti","HTI",2023,5.3823,11637402,3135.553,12227000,"LatAm emergente"
"schooling","Honduras","HND",2023,7.510229,10644853,7184.244,10645000,"LatAm emergente"
"schooling","Hong Kong","HKG",2023,12.35,7442738,71596.896,7528000,"Resto del mundo"
"schooling","Hungary","HUN",2023,12.331622,9686465,45142.17,9600000,"Resto del mundo"
"schooling","Iceland","ISL",2023,13.908926,387559,79454.085,375000,"Resto del mundo"
"schooling","India","IND",2023,6.88,1438069597,9879.524,1438070000,"Resto del mundo"
"schooling","Indonesia","IDN",2023,8.697224,281190068,15566.405,278696000,"Resto del mundo"
"schooling","Iran","IRN",2023,10.846712,90608708,20104.085,85329000,"Resto del mundo"
"schooling","Iraq","IRQ",2023,6.7800465,45074055,15360.427,43324000,"Resto del mundo"
"schooling","Ireland","IRL",2023,11.724999,5196629,129607.63,5329000,"Resto del mundo"
"schooling","Israel","ISR",2023,13.534595,9256311,53074.32,9845000,"Resto del mundo"
"schooling","Italy","ITA",2023,10.828128,59499452,59435.719,58997000,"Resto del mundo"
"schooling","Jamaica","JAM",2023,9.95991,2839785,13091.025,2747000,"LatAm emergente"
"schooling","Japan","JPN",2023,12.684047,124370947,52927.939,124482000,"Resto del mundo"
"schooling","Jordan","JOR",2023,10.24,11439220,11450.536,11439000,"Resto del mundo"
"schooling","Kazakhstan","KAZ",2023,12.547174,20330109,39379.309,19900000,"Resto del mundo"
"schooling","Kenya","KEN",2023,8.62471,55339007,6788.376,51539000,"Resto del mundo"
"schooling","Kuwait","KWT",2023,7.566007,4838781,52437.667,4913000,"Resto del mundo"
"schooling","Kyrgyzstan","KGZ",2023,12.065888,7073523,7481.737,6931000,"Resto del mundo"
"schooling","Laos","LAO",2023,6.060246,7665001,9257.759,7582000,"Resto del mundo"
"schooling","Latvia","LVA",2023,13.40944,1882399,39953.176,1883000,"Resto del mundo"
"schooling","Lebanon","LBN",2023,10.37,5773494,12930.677,5354000,"Resto del mundo"
"schooling","Lesotho","LSO",2023,7.7298837,2311476,2932.819,2311000,"Resto del mundo"
"schooling","Liberia","LBR",2023,6.169892,5493035,1791.908,5493000,"Resto del mundo"
"schooling","Libya","LBY",2023,7.7786064,7305659,13843.587,7306000,"Resto del mundo"
"schooling","Lithuania","LTU",2023,13.610692,2854104,52136.138,2872000,"Resto del mundo"
"schooling","Luxembourg","LUX",2023,12.589372,665101,148310.782,661000,"Resto del mundo"
"schooling","Madagascar","MDG",2023,4.59252,31195937,1897.019,29766000,"Resto del mundo"
"schooling","Malawi","MWI",2023,5.24374,21104480,1701.036,22729000,"Resto del mundo"
"schooling","Malaysia","MYS",2023,11.09,35126295,38778.951,33059000,"Resto del mundo"
"schooling","Mali","MLI",2023,1.63,23769130,3184.146,23769000,"Resto del mundo"
"schooling","Malta","MLT",2023,12.420702,532964,70236.003,542000,"Resto del mundo"
"schooling","Mauritania","MRT",2023,4.852026,5022442,7903.79,4430000,"Resto del mundo"
"schooling","Mauritius","MUS",2023,10.103328,1273591,29242.203,1248000,"Resto del mundo"
"schooling","Mexico","MEX",2023,9.349511,129739761,24316.159,131135000,"LatAm emergente"
"schooling","Moldova","MDA",2023,11.83,3067072,17515.689,2492000,"Resto del mundo"
"schooling","Mongolia","MNG",2023,9.42,3431938,17898.326,3505000,"Resto del mundo"
"schooling","Montenegro","MNE",2023,12.773926,633553,30817.503,624000,"Resto del mundo"
"schooling","Morocco","MAR",2023,6.198,37712516,10242.547,37022000,"Resto del mundo"
"schooling","Mozambique","MOZ",2023,4.59049,33635163,1667.208,33897000,"Resto del mundo"
"schooling","Myanmar","MMR",2023,6.38,54133800,4998.391,54134000,"Resto del mundo"
"schooling","Namibia","NAM",2023,7.2731466,2963102,11395.305,2928000,"Resto del mundo"
"schooling","Nepal","NPL",2023,4.50373,29694614,5399.641,29695000,"Resto del mundo"
"schooling","Netherlands","NLD",2023,12.669947,18092526,79115.736,17811000,"Resto del mundo"
"schooling","New Zealand","NZL",2023,12.882998,5172837,54312.306,5199000,"Resto del mundo"
"schooling","Nicaragua","NIC",2023,9.93302,6823619,8525.745,6664000,"LatAm emergente"
"schooling","Niger","NER",2023,1.4122894,26159863,1825.829,27066000,"Resto del mundo"
"schooling","Nigeria","NGA",2023,7.58597,227882949,8711.664,227883000,"Resto del mundo"
"schooling","North Macedonia","MKD",2023,10.23,1831800,26321.634,1828000,"Resto del mundo"
"schooling","Norway","NOR",2023,13.117962,5519167,104815.989,5534000,"Resto del mundo"
"schooling","Oman","OMN",2023,11.89,5049267,41029.993,5166000,"Resto del mundo"
"schooling","Pakistan","PAK",2023,4.316987,247504505,6535.815,231450000,"Resto del mundo"
"schooling","Panama","PAN",2023,10.833751,4458758,39899.217,4453000,"LatAm emergente"
"schooling","Paraguay","PRY",2023,8.930654,6844150,19022.892,6327000,"LatAm emergente"
"schooling","Peru","PER",2023,10.154652,33845616,17364.957,33731000,"LatAm emergente"
"schooling","Philippines","PHL",2023,9.97724,114891199,11287.754,111910000,"Resto del mundo"
"schooling","Poland","POL",2023,13.208543,38762847,49265.369,36754000,"Resto del mundo"
"schooling","Portugal","PRT",2023,9.703255,10430735,46639.683,10578000,"Resto del mundo"
"schooling","Qatar","QAT",2023,10.77,2979086,112271.291,3063000,"Resto del mundo"
"schooling","Romania","ROU",2023,11.55,19118482,44975.803,19055000,"Resto del mundo"
"schooling","Russia","RUS",2023,12.41,145440502,44560.077,145441000,"Resto del mundo"
"schooling","Rwanda","RWA",2023,4.88,13954473,3637.187,13499000,"Resto del mundo"
"schooling","Saint Lucia","LCA",2023,8.614167,179291,26333.41,179000,"LatAm emergente"
"schooling","Sao Tome and Principe","STP",2023,5.9875593,230882,6155.021,231000,"Resto del mundo"
"schooling","Saudi Arabia","SAU",2023,11.606428,33264289,71623.601,33703000,"Resto del mundo"
"schooling","Senegal","SEN",2023,2.934554,18077573,4759.379,18162000,"Resto del mundo"
"schooling","Serbia","SRB",2023,11.641718,6773204,28907.095,6623000,"Resto del mundo"
"schooling","Seychelles","SYC",2023,11.19995,127961,31516.039,121000,"Resto del mundo"
"schooling","Sierra Leone","SLE",2023,3.5352976,8460523,3371.104,8461000,"Resto del mundo"
"schooling","Singapore","SGP",2023,11.99,5789092,144728.013,5918000,"Resto del mundo"
"schooling","Slovakia","SVK",2023,13.103204,5518057,43953.548,5429000,"Resto del mundo"
"schooling","Slovenia","SVN",2023,12.951202,2118394,53808.099,2117000,"Resto del mundo"
"schooling","South Africa","ZAF",2023,11.61,63212386,15615.889,61578000,"Resto del mundo"
"schooling","South Korea","KOR",2023,12.7221985,51748744,60201.551,51713000,"Resto del mundo"
"schooling","Spain","ESP",2023,10.7561245,47911583,52045.408,48628000,"Resto del mundo"
"schooling","Sri Lanka","LKA",2023,10.77,22971615,14467.53,22037000,"Resto del mundo"
"schooling","Sudan","SDN",2023,3.962,50042800,3064.929,47895000,"Resto del mundo"
"schooling","Sweden","SWE",2023,12.740326,10551493,69335.934,10552000,"Resto del mundo"
"schooling","Switzerland","CHE",2023,13.949121,8870564,96601.424,8815000,"Resto del mundo"
"schooling","Tajikistan","TJK",2023,11.270948,10389807,5152.167,10013000,"Resto del mundo"
"schooling","Tanzania","TZA",2023,6.06535,66617607,3926.279,63729000,"Resto del mundo"
"schooling","Thailand","THA",2023,9.04,71702436,23607.092,71702000,"Resto del mundo"
"schooling","Togo","TGO",2023,5.8611145,8223853,3151.732,9320000,"Resto del mundo"
"schooling","Trinidad and Tobago","TTO",2023,10.79275,1502938,33342.139,1421000,"LatAm emergente"
"schooling","Tunisia","TUN",2023,7.59492,12200434,13971.391,12200000,"Resto del mundo"
"schooling","Turkey","TUR",2023,8.986243,87270502,39325.253,85326000,"Resto del mundo"
"schooling","Turkmenistan","TKM",2023,11.207802,7364437,21179.858,6516000,"Resto del mundo"
"schooling","Uganda","UGA",2023,6.323663,48656606,3494.925,45222000,"Resto del mundo"
"schooling","Ukraine","UKR",2023,11.122739,37732833,18321.109,34026000,"Resto del mundo"
"schooling","United Arab Emirates","ARE",2023,12.99,10642089,76596.069,10679000,"Resto del mundo"
"schooling","United Kingdom","GBR",2023,13.49,68682965,61552.285,68526000,"Resto del mundo"
"schooling","United States","USA",2023,13.91,343477330,82536.095,336962000,"Resto del mundo"
"schooling","Uruguay","URY",2023,10.54,3388083,33475.364,3496000,"LatAm emergente"
"schooling","Uzbekistan","UZB",2023,11.91,35652311,11314.432,36800000,"Resto del mundo"
"schooling","Venezuela","VEN",2023,9.678386,28300861,7888.601,26740000,"Venezuela"
"schooling","Vietnam","VNM",2023,8.98,100352189,15052.708,100309000,"Resto del mundo"
"schooling","Yemen","YEM",2023,5.48415,39390800,1633.774,17726000,"Resto del mundo"
"schooling","Zambia","ZMB",2023,7.3974085,20723967,4080.345,20724000,"Resto del mundo"
"schooling","Zimbabwe","ZWE",2023,8.930847,16340829,7231.518,16624000,"Resto del mundo"
"democracy","Afghanistan","AFG",2024,0.25,42647000,2236.195,42647000,"Resto del mundo"
"democracy","Albania","ALB",2024,6.2,2722000,21812.893,2722000,"Resto del mundo"
"democracy","Algeria","DZA",2024,3.55,46626000,17717.506,46626000,"Resto del mundo"
"democracy","Angola","AGO",2024,4.05,37886000,10027.325,37886000,"Resto del mundo"
"democracy","Argentina","ARG",2024,6.51,47068000,29587.354,47068000,"LatAm emergente"
"democracy","Armenia","ARM",2024,5.35,3034000,22849.16,3034000,"Resto del mundo"
"democracy","Australia","AUS",2024,8.85,27388000,69646.633,27388000,"Resto del mundo"
"democracy","Austria","AUT",2024,8.28,9159000,73465.66,9159000,"Resto del mundo"
"democracy","Azerbaijan","AZE",2024,2.8,10249000,25033.573,10249000,"Resto del mundo"
"democracy","Bahrain","BHR",2024,2.45,1589000,67230.023,1589000,"Resto del mundo"
"democracy","Bangladesh","BGD",2024,4.44,172019000,9747.476,172019000,"Resto del mundo"
"democracy","Belarus","BLR",2024,1.99,9133000,32520.348,9133000,"Resto del mundo"
"democracy","Belgium","BEL",2024,7.64,11817000,73804.776,11817000,"Resto del mundo"
"democracy","Benin","BEN",2024,4.44,14500000,4429.499,14500000,"Resto del mundo"
"democracy","Bolivia","BOL",2024,4.26,12413000,12896.31,12413000,"LatAm emergente"
"democracy","Bosnia and Herzegovina","BIH",2024,5.06,3455000,21756.271,3455000,"Resto del mundo"
"democracy","Botswana","BWA",2024,7.63,2521000,20567.941,2521000,"Resto del mundo"
"democracy","Brazil","BRA",2024,6.49,212584000,22309.326,212584000,"LatAm emergente"
"democracy","Bulgaria","BGR",2024,6.34,6437000,39289.627,6437000,"Resto del mundo"
"democracy","Burkina Faso","BFA",2024,2.55,23554000,2899.406,23554000,"Resto del mundo"
"democracy","Burundi","BDI",2024,2.13,14048000,958.395,14048000,"Resto del mundo"
"democracy","Cambodia","KHM",2024,2.94,17639000,7873.678,17639000,"Resto del mundo"
"democracy","Cameroon","CMR",2024,2.56,29124000,5597.089,29124000,"Resto del mundo"
"democracy","Canada","CAN",2024,8.69,41118000,64801.549,41118000,"Resto del mundo"
"democracy","Cape Verde","CPV",2024,7.58,512000,11503.81,512000,"Resto del mundo"
"democracy","Central African Republic","CAF",2024,1.18,5331000,1379.706,5331000,"Resto del mundo"
"democracy","Chad","TCD",2024,1.89,18437000,3109.989,18437000,"Resto del mundo"
"democracy","Chile","CHL",2024,7.83,19904000,34114.494,19904000,"LatAm emergente"
"democracy","China","CHN",2024,2.11,1408280000,27132.068,1408280000,"Resto del mundo"
"democracy","Colombia","COL",2024,6.35,52696000,21499.476,52696000,"LatAm emergente"
"democracy","Comoros","COM",2024,2.84,890000,3861.608,890000,"Resto del mundo"
"democracy","Congo","COG",2024,2.79,6309000,6369.716,6309000,"Resto del mundo"
"democracy","Costa Rica","CRI",2024,8.29,5325000,30325.932,5325000,"LatAm emergente"
"democracy","Cote d'Ivoire","CIV",2024,4.22,31983000,7668.666,31983000,"Resto del mundo"
"democracy","Croatia","HRV",2024,6.5,3866000,48735.646,3866000,"Resto del mundo"
"democracy","Cyprus","CYP",2024,7.38,966000,61754.437,966000,"Resto del mundo"
"democracy","Czechia","CZE",2024,8.08,10935000,56963.63,10935000,"Resto del mundo"
"democracy","Democratic Republic of Congo","COD",2024,1.92,103197000,1929.988,103197000,"Resto del mundo"
"democracy","Denmark","DNK",2024,9.28,5961000,81806.125,5961000,"Resto del mundo"
"democracy","Djibouti","DJI",2024,2.7,1043000,8764.288,1043000,"Resto del mundo"
"democracy","Dominican Republic","DOM",2024,6.62,10797000,29192.843,10797000,"LatAm emergente"
"democracy","Ecuador","ECU",2024,5.24,17967000,15997.318,17967000,"LatAm emergente"
"democracy","Egypt","EGY",2024,2.79,106600000,20916.957,106600000,"Resto del mundo"
"democracy","El Salvador","SLV",2024,4.61,6338000,13283.263,6338000,"LatAm emergente"
"democracy","Equatorial Guinea","GNQ",2024,1.92,1590000,20930.447,1590000,"Resto del mundo"
"democracy","Estonia","EST",2024,8.13,1372000,47743.406,1372000,"Resto del mundo"
"democracy","Eswatini","SWZ",2024,2.6,1150000,12765.737,1150000,"Resto del mundo"
"democracy","Ethiopia","ETH",2024,3.24,108400000,4089.031,108400000,"Resto del mundo"
"democracy","Finland","FIN",2024,9.3,5604000,64446.667,5604000,"Resto del mundo"
"democracy","France","FRA",2024,7.99,68638000,64053.78,68638000,"Resto del mundo"
"democracy","Gabon","GAB",2024,2.18,2258000,24226.613,2258000,"Resto del mundo"
"democracy","Gambia","GMB",2024,4.47,2787000,3446.529,2787000,"Resto del mundo"
"democracy","Georgia","GEO",2024,4.7,3695000,28364.329,3695000,"Resto del mundo"
"democracy","Germany","DEU",2024,8.73,83517000,71796.542,83517000,"Resto del mundo"
"democracy","Ghana","GHA",2024,6.24,34427000,8051.188,34427000,"Resto del mundo"
"democracy","Greece","GRC",2024,8.07,10376000,42837.986,10376000,"Resto del mundo"
"democracy","Guatemala","GTM",2024,4.55,18406000,14389.515,18406000,"LatAm emergente"
"democracy","Guinea","GIN",2024,2.04,15417000,4434.673,15417000,"Resto del mundo"
"democracy","Guinea-Bissau","GNB",2024,2.03,1978000,3109.654,1978000,"Resto del mundo"
"democracy","Haiti","HTI",2024,2.74,12391000,3038.204,12391000,"LatAm emergente"
"democracy","Honduras","HND",2024,4.98,10826000,7496.894,10826000,"LatAm emergente"
"democracy","Hong Kong","HKG",2024,5.09,7501000,75577.685,7501000,"Resto del mundo"
"democracy","Hungary","HUN",2024,6.51,9585000,46594.775,9585000,"Resto del mundo"
"democracy","Iceland","ISL",2024,9.38,384000,78599.726,384000,"Resto del mundo"
"democracy","India","IND",2024,7.29,1450936000,10747.418,1450936000,"Resto del mundo"
"democracy","Indonesia","IDN",2024,6.44,281604000,16582.681,281604000,"Resto del mundo"
"democracy","Iran","IRN",2024,1.96,86189000,21144.803,86189000,"Resto del mundo"
"democracy","Iraq","IRQ",2024,2.8,44415000,15371.442,44415000,"Resto del mundo"
"democracy","Ireland","IRL",2024,9.19,5420000,133986.346,5420000,"Resto del mundo"
"democracy","Israel","ISR",2024,7.8,9988000,54126.235,9988000,"Resto del mundo"
"democracy","Italy","ITA",2024,7.58,58971000,61415.223,58971000,"Resto del mundo"
"democracy","Jamaica","JAM",2024,6.74,2750000,13329.055,2750000,"LatAm emergente"
"democracy","Japan","JPN",2024,8.48,123890000,54368.995,123890000,"Resto del mundo"
"democracy","Jordan","JOR",2024,3.28,11553000,11916.349,11553000,"Resto del mundo"
"democracy","Kazakhstan","KAZ",2024,3.08,20159000,41831.808,20159000,"Resto del mundo"
"democracy","Kenya","KEN",2024,5.05,52444000,7159.907,52444000,"Resto del mundo"
"democracy","Kuwait","KWT",2024,2.78,5012000,51909.045,5012000,"Resto del mundo"
"democracy","Kyrgyzstan","KGZ",2024,3.52,7077000,8375.51,7077000,"Resto del mundo"
"democracy","Laos","LAO",2024,1.71,7686000,9762.071,7686000,"Resto del mundo"
"democracy","Latvia","LVA",2024,7.66,1872000,41173.135,1872000,"Resto del mundo"
"democracy","Lebanon","LBN",2024,3.56,5354000,12257.811,5354000,"Resto del mundo"
"democracy","Lesotho","LSO",2024,6.06,2337000,3117.894,2337000,"Resto del mundo"
"democracy","Liberia","LBR",2024,5.57,5613000,1869.341,5613000,"Resto del mundo"
"democracy","Libya","LBY",2024,2.31,7381000,14630.744,7381000,"Resto del mundo"
"democracy","Lithuania","LTU",2024,7.59,2888000,54710.469,2888000,"Resto del mundo"
"democracy","Luxembourg","LUX",2024,8.88,672000,149986.359,672000,"Resto del mundo"
"democracy","Madagascar","MDG",2024,5.33,30594000,1973.297,30594000,"Resto del mundo"
"democracy","Malawi","MWI",2024,5.85,23384000,1722.821,23384000,"Resto del mundo"
"democracy","Malaysia","MYS",2024,7.11,33460000,41269.791,33460000,"Resto del mundo"
"democracy","Mali","MLI",2024,2.4,24497000,3325.084,24497000,"Resto del mundo"
"democracy","Malta","MLT",2024,7.93,553000,74977.064,553000,"Resto del mundo"
"democracy","Mauritania","MRT",2024,3.96,4529000,8423.713,4529000,"Resto del mundo"
"democracy","Mauritius","MUS",2024,8.23,1245000,31516.531,1245000,"Resto del mundo"
"democracy","Mexico","MEX",2024,5.32,132274000,25038.884,132274000,"LatAm emergente"
"democracy","Moldova","MDA",2024,6.04,2423000,18516.961,2423000,"Resto del mundo"
"democracy","Mongolia","MNG",2024,6.53,3545000,19064.087,3545000,"Resto del mundo"
"democracy","Montenegro","MNE",2024,6.73,624000,32565.586,624000,"Resto del mundo"
"democracy","Morocco","MAR",2024,4.97,37370000,10793.549,37370000,"Resto del mundo"
"democracy","Mozambique","MOZ",2024,3.38,34858000,1697.196,34858000,"Resto del mundo"
"democracy","Myanmar","MMR",2024,0.96,54500000,5038.592,54500000,"Resto del mundo"
"democracy","Namibia","NAM",2024,6.48,2990000,11861.25,2990000,"Resto del mundo"
"democracy","Nepal","NPL",2024,4.6,29651000,5744.948,29651000,"Resto del mundo"
"democracy","Netherlands","NLD",2024,9,17943000,81354.404,17943000,"Resto del mundo"
"democracy","New Zealand","NZL",2024,9.61,5290000,54549.238,5290000,"Resto del mundo"
"democracy","Nicaragua","NIC",2024,2.09,6664000,9050.282,6664000,"LatAm emergente"
"democracy","Niger","NER",2024,2.26,28080000,1989.384,28080000,"Resto del mundo"
"democracy","Nigeria","NGA",2024,4.16,232679000,9099.862,232679000,"Resto del mundo"
"democracy","North Macedonia","MKD",2024,6.28,1824000,27835.289,1824000,"Resto del mundo"
"democracy","Norway","NOR",2024,9.81,5585000,107943.564,5585000,"Resto del mundo"
"democracy","Oman","OMN",2024,3.05,5219000,42304.162,5219000,"Resto del mundo"
"democracy","Pakistan","PAK",2024,2.84,235950000,6743.385,235950000,"Resto del mundo"
"democracy","Panama","PAN",2024,6.84,4510000,41485.021,4510000,"LatAm emergente"
"democracy","Paraguay","PRY",2024,5.92,6373000,20258.753,6373000,"LatAm emergente"
"democracy","Peru","PER",2024,5.69,34068000,18238.969,34068000,"LatAm emergente"
"democracy","Philippines","PHL",2024,6.63,112885000,12120.826,112885000,"Resto del mundo"
"democracy","Poland","POL",2024,7.4,36621000,52205.98,36621000,"Resto del mundo"
"democracy","Portugal","PRT",2024,8.08,10695000,48323.807,10695000,"Resto del mundo"
"democracy","Qatar","QAT",2024,3.17,3143000,114758.203,3143000,"Resto del mundo"
"democracy","Romania","ROU",2024,5.99,18944000,46787.965,18944000,"Resto del mundo"
"democracy","Russia","RUS",2024,2.03,144820000,48119.003,144820000,"Resto del mundo"
"democracy","Rwanda","RWA",2024,3.34,13857000,3892.869,13857000,"Resto del mundo"
"democracy","Saudi Arabia","SAU",2024,2.08,35300000,71936.189,35300000,"Resto del mundo"
"democracy","Senegal","SEN",2024,5.93,18661000,5038.758,18661000,"Resto del mundo"
"democracy","Serbia","SRB",2024,6.26,6586000,30966.504,6586000,"Resto del mundo"
"democracy","Sierra Leone","SLE",2024,4.32,8642000,3527.433,8642000,"Resto del mundo"
"democracy","Singapore","SGP",2024,6.18,6037000,153161.044,6037000,"Resto del mundo"
"democracy","Slovakia","SVK",2024,7.21,5425000,45952.755,5425000,"Resto del mundo"
"democracy","Slovenia","SVN",2024,7.82,2124000,55914.37,2124000,"Resto del mundo"
"democracy","South Africa","ZAF",2024,7.16,62329000,15895.477,62329000,"Resto del mundo"
"democracy","South Korea","KOR",2024,7.75,51751000,62885.478,51751000,"Resto del mundo"
"democracy","Spain","ESP",2024,8.13,49078000,54674.716,49078000,"Resto del mundo"
"democracy","Sri Lanka","LKA",2024,6.19,21916000,15655.282,21916000,"Resto del mundo"
"democracy","Sudan","SDN",2024,1.46,49140000,2346.186,49140000,"Resto del mundo"
"democracy","Sweden","SWE",2024,9.39,10588000,71536.362,10588000,"Resto del mundo"
"democracy","Switzerland","CHE",2024,9.32,8962000,98728.608,8962000,"Resto del mundo"
"democracy","Taiwan","TWN",2024,8.78,23400000,80390.306,23400000,"Resto del mundo"
"democracy","Tajikistan","TJK",2024,1.83,10188000,5626.255,10188000,"Resto del mundo"
"democracy","Tanzania","TZA",2024,5.2,65645000,4119.705,65645000,"Resto del mundo"
"democracy","Thailand","THA",2024,6.27,71668000,24917.534,71668000,"Resto del mundo"
"democracy","Togo","TGO",2024,2.99,9548000,3352.215,9548000,"Resto del mundo"
"democracy","Trinidad and Tobago","TTO",2024,7.09,1428000,34857.18,1428000,"LatAm emergente"
"democracy","Tunisia","TUN",2024,4.71,12277000,14461.578,12277000,"Resto del mundo"
"democracy","Turkey","TUR",2024,4.26,85518000,41549.109,85518000,"Resto del mundo"
"democracy","Turkmenistan","TKM",2024,1.66,6598000,22168.508,6598000,"Resto del mundo"
"democracy","Uganda","UGA",2024,4.49,46623000,3682.423,46623000,"Resto del mundo"
"democracy","Ukraine","UKR",2024,4.9,33343000,19782.894,33343000,"Resto del mundo"
"democracy","United Arab Emirates","ARE",2024,3.07,11294000,77185.205,11294000,"Resto del mundo"
"democracy","United Kingdom","GBR",2024,8.34,69281000,63071.834,69281000,"Resto del mundo"
"democracy","United States","USA",2024,7.85,339989000,86173.365,339989000,"Resto del mundo"
"democracy","Uruguay","URY",2024,8.67,3492000,35494.42,3492000,"LatAm emergente"
"democracy","Uzbekistan","UZB",2024,2.1,37543000,12124.514,37543000,"Resto del mundo"
"democracy","Venezuela","VEN",2024,2.25,26561000,8570.132,26561000,"Venezuela"
"democracy","Vietnam","VNM",2024,2.62,101300000,16337.37,101300000,"Resto del mundo"
"democracy","Yemen","YEM",2024,1.95,18262000,1601.375,18262000,"Resto del mundo"
"democracy","Zambia","ZMB",2024,5.73,21315000,4221.01,21315000,"Resto del mundo"
"democracy","Zimbabwe","ZWE",2024,2.98,16992000,7376.624,16992000,"Resto del mundo"
