"country","country_code","year","indicator_value","gdp_per_capita","highlight_group"
"Afghanistan","AFG",2024,0.25,2236.195,"Resto del mundo"
"Albania","ALB",2024,6.2,21812.893,"Resto del mundo"
"Algeria","DZA",2024,3.55,17717.506,"Resto del mundo"
"Angola","AGO",2024,4.05,10027.325,"Resto del mundo"
"Argentina","ARG",2024,6.51,29587.354,"LatAm emergente"
"Armenia","ARM",2024,5.35,22849.16,"Resto del mundo"
"Australia","AUS",2024,8.85,69646.633,"Resto del mundo"
"Austria","AUT",2024,8.28,73465.66,"Resto del mundo"
"Azerbaijan","AZE",2024,2.8,25033.573,"Resto del mundo"
"Bahrain","BHR",2024,2.45,67230.023,"Resto del mundo"
"Bangladesh","BGD",2024,4.44,9747.476,"Resto del mundo"
"Belarus","BLR",2024,1.99,32520.348,"Resto del mundo"
"Belgium","BEL",2024,7.64,73804.776,"Resto del mundo"
"Benin","BEN",2024,4.44,4429.499,"Resto del mundo"
"Bolivia","BOL",2024,4.26,12896.31,"LatAm emergente"
"Bosnia and Herzegovina","BIH",2024,5.06,21756.271,"Resto del mundo"
"Botswana","BWA",2024,7.63,20567.941,"Resto del mundo"
"Brazil","BRA",2024,6.49,22309.326,"LatAm emergente"
"Bulgaria","BGR",2024,6.34,39289.627,"Resto del mundo"
"Burkina Faso","BFA",2024,2.55,2899.406,"Resto del mundo"
"Burundi","BDI",2024,2.13,958.395,"Resto del mundo"
"Cambodia","KHM",2024,2.94,7873.678,"Resto del mundo"
"Cameroon","CMR",2024,2.56,5597.089,"Resto del mundo"
"Canada","CAN",2024,8.69,64801.549,"Resto del mundo"
"Cape Verde","CPV",2024,7.58,11503.81,"Resto del mundo"
"Central African Republic","CAF",2024,1.18,1379.706,"Resto del mundo"
"Chad","TCD",2024,1.89,3109.989,"Resto del mundo"
"Chile","CHL",2024,7.83,34114.494,"LatAm emergente"
"China","CHN",2024,2.11,27132.068,"Resto del mundo"
"Colombia","COL",2024,6.35,21499.476,"LatAm emergente"
"Comoros","COM",2024,2.84,3861.608,"Resto del mundo"
"Congo","COG",2024,2.79,6369.716,"Resto del mundo"
"Costa Rica","CRI",2024,8.29,30325.932,"LatAm emergente"
"Cote d'Ivoire","CIV",2024,4.22,7668.666,"Resto del mundo"
"Croatia","HRV",2024,6.5,48735.646,"Resto del mundo"
"Cyprus","CYP",2024,7.38,61754.437,"Resto del mundo"
"Czechia","CZE",2024,8.08,56963.63,"Resto del mundo"
"Democratic Republic of Congo","COD",2024,1.92,1929.988,"Resto del mundo"
"Denmark","DNK",2024,9.28,81806.125,"Resto del mundo"
"Djibouti","DJI",2024,2.7,8764.288,"Resto del mundo"
"Dominican Republic","DOM",2024,6.62,29192.843,"LatAm emergente"
"Ecuador","ECU",2024,5.24,15997.318,"LatAm emergente"
"Egypt","EGY",2024,2.79,20916.957,"Resto del mundo"
"El Salvador","SLV",2024,4.61,13283.263,"LatAm emergente"
"Equatorial Guinea","GNQ",2024,1.92,20930.447,"Resto del mundo"
"Estonia","EST",2024,8.13,47743.406,"Resto del mundo"
"Eswatini","SWZ",2024,2.6,12765.737,"Resto del mundo"
"Ethiopia","ETH",2024,3.24,4089.031,"Resto del mundo"
"Finland","FIN",2024,9.3,64446.667,"Resto del mundo"
"France","FRA",2024,7.99,64053.78,"Resto del mundo"
"Gabon","GAB",2024,2.18,24226.613,"Resto del mundo"
"Gambia","GMB",2024,4.47,3446.529,"Resto del mundo"
"Georgia","GEO",2024,4.7,28364.329,"Resto del mundo"
"Germany","DEU",2024,8.73,71796.542,"Resto del mundo"
"Ghana","GHA",2024,6.24,8051.188,"Resto del mundo"
"Greece","GRC",2024,8.07,42837.986,"Resto del mundo"
"Guatemala","GTM",2024,4.55,14389.515,"LatAm emergente"
"Guinea","GIN",2024,2.04,4434.673,"Resto del mundo"
"Guinea-Bissau","GNB",2024,2.03,3109.654,"Resto del mundo"
"Haiti","HTI",2024,2.74,3038.204,"LatAm emergente"
"Honduras","HND",2024,4.98,7496.894,"LatAm emergente"
"Hong Kong","HKG",2024,5.09,75577.685,"Resto del mundo"
"Hungary","HUN",2024,6.51,46594.775,"Resto del mundo"
"Iceland","ISL",2024,9.38,78599.726,"Resto del mundo"
"India","IND",2024,7.29,10747.418,"Resto del mundo"
"Indonesia","IDN",2024,6.44,16582.681,"Resto del mundo"
"Iran","IRN",2024,1.96,21144.803,"Resto del mundo"
"Iraq","IRQ",2024,2.8,15371.442,"Resto del mundo"
"Ireland","IRL",2024,9.19,133986.346,"Resto del mundo"
"Israel","ISR",2024,7.8,54126.235,"Resto del mundo"
"Italy","ITA",2024,7.58,61415.223,"Resto del mundo"
"Jamaica","JAM",2024,6.74,13329.055,"LatAm emergente"
"Japan","JPN",2024,8.48,54368.995,"Resto del mundo"
"Jordan","JOR",2024,3.28,11916.349,"Resto del mundo"
"Kazakhstan","KAZ",2024,3.08,41831.808,"Resto del mundo"
"Kenya","KEN",2024,5.05,7159.907,"Resto del mundo"
"Kuwait","KWT",2024,2.78,51909.045,"Resto del mundo"
"Kyrgyzstan","KGZ",2024,3.52,8375.51,"Resto del mundo"
"Laos","LAO",2024,1.71,9762.071,"Resto del mundo"
"Latvia","LVA",2024,7.66,41173.135,"Resto del mundo"
"Lebanon","LBN",2024,3.56,12257.811,"Resto del mundo"
"Lesotho","LSO",2024,6.06,3117.894,"Resto del mundo"
"Liberia","LBR",2024,5.57,1869.341,"Resto del mundo"
"Libya","LBY",2024,2.31,14630.744,"Resto del mundo"
"Lithuania","LTU",2024,7.59,54710.469,"Resto del mundo"
"Luxembourg","LUX",2024,8.88,149986.359,"Resto del mundo"
"Madagascar","MDG",2024,5.33,1973.297,"Resto del mundo"
"Malawi","MWI",2024,5.85,1722.821,"Resto del mundo"
"Malaysia","MYS",2024,7.11,41269.791,"Resto del mundo"
"Mali","MLI",2024,2.4,3325.084,"Resto del mundo"
"Malta","MLT",2024,7.93,74977.064,"Resto del mundo"
"Mauritania","MRT",2024,3.96,8423.713,"Resto del mundo"
"Mauritius","MUS",2024,8.23,31516.531,"Resto del mundo"
"Mexico","MEX",2024,5.32,25038.884,"LatAm emergente"
"Moldova","MDA",2024,6.04,18516.961,"Resto del mundo"
"Mongolia","MNG",2024,6.53,19064.087,"Resto del mundo"
"Montenegro","MNE",2024,6.73,32565.586,"Resto del mundo"
"Morocco","MAR",2024,4.97,10793.549,"Resto del mundo"
"Mozambique","MOZ",2024,3.38,1697.196,"Resto del mundo"
"Myanmar","MMR",2024,0.96,5038.592,"Resto del mundo"
"Namibia","NAM",2024,6.48,11861.25,"Resto del mundo"
"Nepal","NPL",2024,4.6,5744.948,"Resto del mundo"
"Netherlands","NLD",2024,9,81354.404,"Resto del mundo"
"New Zealand","NZL",2024,9.61,54549.238,"Resto del mundo"
"Nicaragua","NIC",2024,2.09,9050.282,"LatAm emergente"
"Niger","NER",2024,2.26,1989.384,"Resto del mundo"
"Nigeria","NGA",2024,4.16,9099.862,"Resto del mundo"
"North Macedonia","MKD",2024,6.28,27835.289,"Resto del mundo"
"Norway","NOR",2024,9.81,107943.564,"Resto del mundo"
"Oman","OMN",2024,3.05,42304.162,"Resto del mundo"
"Pakistan","PAK",2024,2.84,6743.385,"Resto del mundo"
"Panama","PAN",2024,6.84,41485.021,"LatAm emergente"
"Paraguay","PRY",2024,5.92,20258.753,"LatAm emergente"
"Peru","PER",2024,5.69,18238.969,"LatAm emergente"
"Philippines","PHL",2024,6.63,12120.826,"Resto del mundo"
"Poland","POL",2024,7.4,52205.98,"Resto del mundo"
"Portugal","PRT",2024,8.08,48323.807,"Resto del mundo"
"Qatar","QAT",2024,3.17,114758.203,"Resto del mundo"
"Romania","ROU",2024,5.99,46787.965,"Resto del mundo"
"Russia","RUS",2024,2.03,48119.003,"Resto del mundo"
"Rwanda","RWA",2024,3.34,3892.869,"Resto del mundo"
"Saudi Arabia","SAU",2024,2.08,71936.189,"Resto del mundo"
"Senegal","SEN",2024,5.93,5038.758,"Resto del mundo"
"Serbia","SRB",2024,6.26,30966.504,"Resto del mundo"
"Sierra Leone","SLE",2024,4.32,3527.433,"Resto del mundo"
"Singapore","SGP",2024,6.18,153161.044,"Resto del mundo"
"Slovakia","SVK",2024,7.21,45952.755,"Resto del mundo"
"Slovenia","SVN",2024,7.82,55914.37,"Resto del mundo"
"South Africa","ZAF",2024,7.16,15895.477,"Resto del mundo"
"South Korea","KOR",2024,7.75,62885.478,"Resto del mundo"
"Spain","ESP",2024,8.13,54674.716,"Resto del mundo"
"Sri Lanka","LKA",2024,6.19,15655.282,"Resto del mundo"
"Sudan","SDN",2024,1.46,2346.186,"Resto del mundo"
"Sweden","SWE",2024,9.39,71536.362,"Resto del mundo"
"Switzerland","CHE",2024,9.32,98728.608,"Resto del mundo"
"Taiwan","TWN",2024,8.78,80390.306,"Resto del mundo"
"Tajikistan","TJK",2024,1.83,5626.255,"Resto del mundo"
"Tanzania","TZA",2024,5.2,4119.705,"Resto del mundo"
"Thailand","THA",2024,6.27,24917.534,"Resto del mundo"
"Togo","TGO",2024,2.99,3352.215,"Resto del mundo"
"Trinidad and Tobago","TTO",2024,7.09,34857.18,"LatAm emergente"
"Tunisia","TUN",2024,4.71,14461.578,"Resto del mundo"
"Turkey","TUR",2024,4.26,41549.109,"Resto del mundo"
"Turkmenistan","TKM",2024,1.66,22168.508,"Resto del mundo"
"Uganda","UGA",2024,4.49,3682.423,"Resto del mundo"
"Ukraine","UKR",2024,4.9,19782.894,"Resto del mundo"
"United Arab Emirates","ARE",2024,3.07,77185.205,"Resto del mundo"
"United Kingdom","GBR",2024,8.34,63071.834,"Resto del mundo"
"United States","USA",2024,7.85,86173.365,"Resto del mundo"
"Uruguay","URY",2024,8.67,35494.42,"LatAm emergente"
"Uzbekistan","UZB",2024,2.1,12124.514,"Resto del mundo"
"Venezuela","VEN",2024,2.25,8570.132,"Venezuela"
"Vietnam","VNM",2024,2.62,16337.37,"Resto del mundo"
"Yemen","YEM",2024,1.95,1601.375,"Resto del mundo"
"Zambia","ZMB",2024,5.73,4221.01,"Resto del mundo"
"Zimbabwe","ZWE",2024,2.98,7376.624,"Resto del mundo"
